Using pre-set license
Built from '2020.2/staging' branch; Version is '2020.2.7f1 (c53830e277f1) revision 12924976'; Using compiler version '192528614'; Build Type 'Release'
OS: 'Windows 10 Home; OS build 19042.1110; Version 2009; 64bit' Language: 'de' Physical Memory: 8108 MB
BatchMode: 1, IsHumanControllingUs: 0, StartBugReporterOnCrash: 0, Is64bit: 1, IsPro: 0

 COMMAND LINE ARGUMENTS:
F:\Tools\Programming + Development\Unity\2020.2.7f1\Editor\Unity.exe
-adb2
-batchMode
-noUpm
-name
AssetImportWorker1
-projectPath
F:/Projekte/UniversalDialogEditor/Universal Dialog Editor
-logFile
Logs/AssetImportWorker1.log
-srvPort
54278
Successfully changed project path to: F:/Projekte/UniversalDialogEditor/Universal Dialog Editor
F:/Projekte/UniversalDialogEditor/Universal Dialog Editor
Using Asset Import Pipeline V2.
Refreshing native plugins compatible for Editor in 118.39 ms, found 0 plugins.
Preloading 0 native plugins for Editor in 0.00 ms.
Initialize engine version: 2020.2.7f1 (c53830e277f1)
[Subsystems] Discovering subsystems at path F:/Tools/Programming + Development/Unity/2020.2.7f1/Editor/Data/Resources/UnitySubsystems
[Subsystems] Discovering subsystems at path F:/Projekte/UniversalDialogEditor/Universal Dialog Editor/Assets
GfxDevice: creating device client; threaded=0
Direct3D:
    Version:  Direct3D 11.0 [level 11.1]
    Renderer: Intel(R) HD Graphics 620 (ID=0x5916)
    Vendor:   
    VRAM:     4054 MB
    Driver:   26.20.100.7925
Initialize mono
Mono path[0] = 'F:/Tools/Programming + Development/Unity/2020.2.7f1/Editor/Data/Managed'
Mono path[1] = 'F:/Tools/Programming + Development/Unity/2020.2.7f1/Editor/Data/MonoBleedingEdge/lib/mono/unityjit'
Mono config path = 'F:/Tools/Programming + Development/Unity/2020.2.7f1/Editor/Data/MonoBleedingEdge/etc'
Using monoOptions --debugger-agent=transport=dt_socket,embedding=1,server=y,suspend=n,address=127.0.0.1:56440
Begin MonoManager ReloadAssembly
Registering precompiled unity dll's ...
Register platform support module: F:/Tools/Programming + Development/Unity/2020.2.7f1/Editor/Data/PlaybackEngines/WindowsStandaloneSupport/UnityEditor.WindowsStandalone.Extensions.dll
Registered in 0.001667 seconds.
Native extension for WindowsStandalone target not found
Refreshing native plugins compatible for Editor in 38.30 ms, found 0 plugins.
Preloading 0 native plugins for Editor in 0.00 ms.
Invoked RoslynAnalysisRunner static constructor.
RoslynAnalysisRunner will not be running.
RoslynAnalysisRunner has terminated.
Mono: successfully reloaded assembly
- Completed reload, in  4.246 seconds
Platform modules already initialized, skipping
Registering precompiled user dll's ...
Registered in 0.002114 seconds.
Begin MonoManager ReloadAssembly
Native extension for WindowsStandalone target not found
Refreshing native plugins compatible for Editor in 0.25 ms, found 0 plugins.
Preloading 0 native plugins for Editor in 0.00 ms.
Invoked RoslynAnalysisRunner static constructor.
RoslynAnalysisRunner will not be running.
RoslynAnalysisRunner has terminated.
Mono: successfully reloaded assembly
- Completed reload, in  1.668 seconds
Platform modules already initialized, skipping
========================================================================
Worker process is ready to serve import requests
Launched and connected shader compiler UnityShaderCompiler.exe after 0.32 seconds
Refreshing native plugins compatible for Editor in 0.48 ms, found 0 plugins.
Preloading 0 native plugins for Editor in 0.00 ms.
Unloading 1250 Unused Serialized files (Serialized files now loaded: 0)
System memory in use before: 62.9 MB.
System memory in use after: 62.9 MB.

Unloading 14 unused Assets to reduce memory usage. Loaded Objects now: 1699.
Total: 3.598100 ms (FindLiveObjects: 0.253700 ms CreateObjectMapping: 0.086500 ms MarkObjects: 3.166200 ms  DeleteObjects: 0.090000 ms)

========================================================================
Received Import Request.
  path: Assets/Scripts/Menues and UI Dialogs/AreYouSureDialog.cs
  artifactKey: Guid(aa76929f2cebbe5488a3aaf1cf5de2ad) Importer(815301076,1909f56bfc062723c751e8b465ee728b)
Start importing Assets/Scripts/Menues and UI Dialogs/AreYouSureDialog.cs using Guid(aa76929f2cebbe5488a3aaf1cf5de2ad) Importer(815301076,1909f56bfc062723c751e8b465ee728b)  -> (artifact id: '00000000000000000000000000000000') in 0.082518 seconds
  ERROR: Build asset version error: assets/scripts/menues and ui dialogs/areyousuredialog.cs in SourceAssetDB has modification time of '2021-08-01T20:56:57.9452303Z' while content on disk has modification time of '2021-08-01T20:58:59.7007455Z'
  Import took 0.085511 seconds .

========================================================================
Received Import Request.
  Time since last request: 0.000273 seconds.
  path: Assets/Scripts/Main Panel UIs/DialoguePartUI.cs
  artifactKey: Guid(693d93bca162b1645bb86f6844d7d29b) Importer(815301076,1909f56bfc062723c751e8b465ee728b)
Start importing Assets/Scripts/Main Panel UIs/DialoguePartUI.cs using Guid(693d93bca162b1645bb86f6844d7d29b) Importer(815301076,1909f56bfc062723c751e8b465ee728b)  -> (artifact id: 'de104926eac308322eb164f9f18d7d70') in 0.017555 seconds
  Import took 0.019873 seconds .

========================================================================
Received Import Request.
  Time since last request: 0.036989 seconds.
  path: Assets/Scripts/Menues and UI Dialogs/AreYouSureDialog.cs
  artifactKey: Guid(aa76929f2cebbe5488a3aaf1cf5de2ad) Importer(815301076,1909f56bfc062723c751e8b465ee728b)
Start importing Assets/Scripts/Menues and UI Dialogs/AreYouSureDialog.cs using Guid(aa76929f2cebbe5488a3aaf1cf5de2ad) Importer(815301076,1909f56bfc062723c751e8b465ee728b)  -> (artifact id: '00000000000000000000000000000000') in 0.000406 seconds
  ERROR: Build asset version error: assets/scripts/menues and ui dialogs/areyousuredialog.cs in SourceAssetDB has modification time of '2021-08-01T20:56:57.9452303Z' while content on disk has modification time of '2021-08-01T20:58:59.7007455Z'
  Import took 0.004675 seconds .

========================================================================
Received Import Request.
  Time since last request: 0.044546 seconds.
  path: Assets/Scripts/Menues and UI Dialogs/AreYouSureDialog.cs
  artifactKey: Guid(aa76929f2cebbe5488a3aaf1cf5de2ad) Importer(815301076,1909f56bfc062723c751e8b465ee728b)
Start importing Assets/Scripts/Menues and UI Dialogs/AreYouSureDialog.cs using Guid(aa76929f2cebbe5488a3aaf1cf5de2ad) Importer(815301076,1909f56bfc062723c751e8b465ee728b)  -> (artifact id: '00000000000000000000000000000000') in 0.000426 seconds
  ERROR: Build asset version error: assets/scripts/menues and ui dialogs/areyousuredialog.cs in SourceAssetDB has modification time of '2021-08-01T20:56:57.9452303Z' while content on disk has modification time of '2021-08-01T20:58:59.7007455Z'
  Import took 0.003993 seconds .

========================================================================
Received Import Request.
  Time since last request: 0.035397 seconds.
  path: Assets/Scripts/Menues and UI Dialogs/AreYouSureDialog.cs
  artifactKey: Guid(aa76929f2cebbe5488a3aaf1cf5de2ad) Importer(815301076,1909f56bfc062723c751e8b465ee728b)
Start importing Assets/Scripts/Menues and UI Dialogs/AreYouSureDialog.cs using Guid(aa76929f2cebbe5488a3aaf1cf5de2ad) Importer(815301076,1909f56bfc062723c751e8b465ee728b)  -> (artifact id: '00000000000000000000000000000000') in 0.000369 seconds
  ERROR: Build asset version error: assets/scripts/menues and ui dialogs/areyousuredialog.cs in SourceAssetDB has modification time of '2021-08-01T20:56:57.9452303Z' while content on disk has modification time of '2021-08-01T20:58:59.7007455Z'
  Import took 0.003644 seconds .

========================================================================
Received Import Request.
  Time since last request: 0.034414 seconds.
  path: Assets/Scripts/Menues and UI Dialogs/AreYouSureDialog.cs
  artifactKey: Guid(aa76929f2cebbe5488a3aaf1cf5de2ad) Importer(815301076,1909f56bfc062723c751e8b465ee728b)
Start importing Assets/Scripts/Menues and UI Dialogs/AreYouSureDialog.cs using Guid(aa76929f2cebbe5488a3aaf1cf5de2ad) Importer(815301076,1909f56bfc062723c751e8b465ee728b)  -> (artifact id: '00000000000000000000000000000000') in 0.000513 seconds
  ERROR: Build asset version error: assets/scripts/menues and ui dialogs/areyousuredialog.cs in SourceAssetDB has modification time of '2021-08-01T20:56:57.9452303Z' while content on disk has modification time of '2021-08-01T20:58:59.7007455Z'
  Import took 0.003759 seconds .

========================================================================
Received Import Request.
  Time since last request: 0.034329 seconds.
  path: Assets/Scripts/Menues and UI Dialogs/AreYouSureDialog.cs
  artifactKey: Guid(aa76929f2cebbe5488a3aaf1cf5de2ad) Importer(815301076,1909f56bfc062723c751e8b465ee728b)
Start importing Assets/Scripts/Menues and UI Dialogs/AreYouSureDialog.cs using Guid(aa76929f2cebbe5488a3aaf1cf5de2ad) Importer(815301076,1909f56bfc062723c751e8b465ee728b)  -> (artifact id: '00000000000000000000000000000000') in 0.000408 seconds
  ERROR: Build asset version error: assets/scripts/menues and ui dialogs/areyousuredialog.cs in SourceAssetDB has modification time of '2021-08-01T20:56:57.9452303Z' while content on disk has modification time of '2021-08-01T20:58:59.7007455Z'
  Import took 0.003979 seconds .

========================================================================
Received Import Request.
  Time since last request: 0.031404 seconds.
  path: Assets/Scripts/Menues and UI Dialogs/AreYouSureDialog.cs
  artifactKey: Guid(aa76929f2cebbe5488a3aaf1cf5de2ad) Importer(815301076,1909f56bfc062723c751e8b465ee728b)
Start importing Assets/Scripts/Menues and UI Dialogs/AreYouSureDialog.cs using Guid(aa76929f2cebbe5488a3aaf1cf5de2ad) Importer(815301076,1909f56bfc062723c751e8b465ee728b)  -> (artifact id: '00000000000000000000000000000000') in 0.001087 seconds
  ERROR: Build asset version error: assets/scripts/menues and ui dialogs/areyousuredialog.cs in SourceAssetDB has modification time of '2021-08-01T20:56:57.9452303Z' while content on disk has modification time of '2021-08-01T20:58:59.7007455Z'
  Import took 0.005225 seconds .

========================================================================
Received Import Request.
  Time since last request: 0.059997 seconds.
  path: Assets/Scripts/Menues and UI Dialogs/AreYouSureDialog.cs
  artifactKey: Guid(aa76929f2cebbe5488a3aaf1cf5de2ad) Importer(815301076,1909f56bfc062723c751e8b465ee728b)
Start importing Assets/Scripts/Menues and UI Dialogs/AreYouSureDialog.cs using Guid(aa76929f2cebbe5488a3aaf1cf5de2ad) Importer(815301076,1909f56bfc062723c751e8b465ee728b)  -> (artifact id: '00000000000000000000000000000000') in 0.000644 seconds
  ERROR: Build asset version error: assets/scripts/menues and ui dialogs/areyousuredialog.cs in SourceAssetDB has modification time of '2021-08-01T20:56:57.9452303Z' while content on disk has modification time of '2021-08-01T20:58:59.7007455Z'
  Import took 0.004390 seconds .

========================================================================
Received Import Request.
  Time since last request: 0.136978 seconds.
  path: Assets/Scripts/Menues and UI Dialogs/AreYouSureDialog.cs
  artifactKey: Guid(aa76929f2cebbe5488a3aaf1cf5de2ad) Importer(815301076,1909f56bfc062723c751e8b465ee728b)
Start importing Assets/Scripts/Menues and UI Dialogs/AreYouSureDialog.cs using Guid(aa76929f2cebbe5488a3aaf1cf5de2ad) Importer(815301076,1909f56bfc062723c751e8b465ee728b)  -> (artifact id: '00000000000000000000000000000000') in 0.000476 seconds
  ERROR: Build asset version error: assets/scripts/menues and ui dialogs/areyousuredialog.cs in SourceAssetDB has modification time of '2021-08-01T20:56:57.9452303Z' while content on disk has modification time of '2021-08-01T20:58:59.7007455Z'
  Import took 0.004819 seconds .

========================================================================
Received Import Request.
  Time since last request: 0.071179 seconds.
  path: Assets/Scripts/Menues and UI Dialogs/AreYouSureDialog.cs
  artifactKey: Guid(aa76929f2cebbe5488a3aaf1cf5de2ad) Importer(815301076,1909f56bfc062723c751e8b465ee728b)
Start importing Assets/Scripts/Menues and UI Dialogs/AreYouSureDialog.cs using Guid(aa76929f2cebbe5488a3aaf1cf5de2ad) Importer(815301076,1909f56bfc062723c751e8b465ee728b)  -> (artifact id: '00000000000000000000000000000000') in 0.002591 seconds
  ERROR: Build asset version error: assets/scripts/menues and ui dialogs/areyousuredialog.cs in SourceAssetDB has modification time of '2021-08-01T20:56:57.9452303Z' while content on disk has modification time of '2021-08-01T20:58:59.7007455Z'
  Import took 0.011794 seconds .

========================================================================
Received Import Request.
  Time since last request: 0.169365 seconds.
  path: Assets/Scripts/Menues and UI Dialogs/AreYouSureDialog.cs
  artifactKey: Guid(aa76929f2cebbe5488a3aaf1cf5de2ad) Importer(815301076,1909f56bfc062723c751e8b465ee728b)
Start importing Assets/Scripts/Menues and UI Dialogs/AreYouSureDialog.cs using Guid(aa76929f2cebbe5488a3aaf1cf5de2ad) Importer(815301076,1909f56bfc062723c751e8b465ee728b)  -> (artifact id: '00000000000000000000000000000000') in 0.000375 seconds
  ERROR: Build asset version error: assets/scripts/menues and ui dialogs/areyousuredialog.cs in SourceAssetDB has modification time of '2021-08-01T20:56:57.9452303Z' while content on disk has modification time of '2021-08-01T20:58:59.7007455Z'
  Import took 0.004383 seconds .

========================================================================
Received Import Request.
  Time since last request: 0.041792 seconds.
  path: Assets/Scripts/Menues and UI Dialogs/AreYouSureDialog.cs
  artifactKey: Guid(aa76929f2cebbe5488a3aaf1cf5de2ad) Importer(815301076,1909f56bfc062723c751e8b465ee728b)
Start importing Assets/Scripts/Menues and UI Dialogs/AreYouSureDialog.cs using Guid(aa76929f2cebbe5488a3aaf1cf5de2ad) Importer(815301076,1909f56bfc062723c751e8b465ee728b)  -> (artifact id: '00000000000000000000000000000000') in 0.001176 seconds
  ERROR: Build asset version error: assets/scripts/menues and ui dialogs/areyousuredialog.cs in SourceAssetDB has modification time of '2021-08-01T20:56:57.9452303Z' while content on disk has modification time of '2021-08-01T20:58:59.7007455Z'
  Import took 0.005637 seconds .

========================================================================
Received Import Request.
  Time since last request: 0.043648 seconds.
  path: Assets/Scripts/Menues and UI Dialogs/AreYouSureDialog.cs
  artifactKey: Guid(aa76929f2cebbe5488a3aaf1cf5de2ad) Importer(815301076,1909f56bfc062723c751e8b465ee728b)
Start importing Assets/Scripts/Menues and UI Dialogs/AreYouSureDialog.cs using Guid(aa76929f2cebbe5488a3aaf1cf5de2ad) Importer(815301076,1909f56bfc062723c751e8b465ee728b)  -> (artifact id: '00000000000000000000000000000000') in 0.000424 seconds
  ERROR: Build asset version error: assets/scripts/menues and ui dialogs/areyousuredialog.cs in SourceAssetDB has modification time of '2021-08-01T20:56:57.9452303Z' while content on disk has modification time of '2021-08-01T20:58:59.7007455Z'
  Import took 0.005938 seconds .

========================================================================
Received Import Request.
  Time since last request: 0.136963 seconds.
  path: Assets/Scripts/Menues and UI Dialogs/AreYouSureDialog.cs
  artifactKey: Guid(aa76929f2cebbe5488a3aaf1cf5de2ad) Importer(815301076,1909f56bfc062723c751e8b465ee728b)
Start importing Assets/Scripts/Menues and UI Dialogs/AreYouSureDialog.cs using Guid(aa76929f2cebbe5488a3aaf1cf5de2ad) Importer(815301076,1909f56bfc062723c751e8b465ee728b)  -> (artifact id: '00000000000000000000000000000000') in 0.000402 seconds
  ERROR: Build asset version error: assets/scripts/menues and ui dialogs/areyousuredialog.cs in SourceAssetDB has modification time of '2021-08-01T20:56:57.9452303Z' while content on disk has modification time of '2021-08-01T20:58:59.7007455Z'
  Import took 0.007699 seconds .

========================================================================
Received Import Request.
  Time since last request: 0.053709 seconds.
  path: Assets/Scripts/Menues and UI Dialogs/AreYouSureDialog.cs
  artifactKey: Guid(aa76929f2cebbe5488a3aaf1cf5de2ad) Importer(815301076,1909f56bfc062723c751e8b465ee728b)
Start importing Assets/Scripts/Menues and UI Dialogs/AreYouSureDialog.cs using Guid(aa76929f2cebbe5488a3aaf1cf5de2ad) Importer(815301076,1909f56bfc062723c751e8b465ee728b)  -> (artifact id: '00000000000000000000000000000000') in 0.000424 seconds
  ERROR: Build asset version error: assets/scripts/menues and ui dialogs/areyousuredialog.cs in SourceAssetDB has modification time of '2021-08-01T20:56:57.9452303Z' while content on disk has modification time of '2021-08-01T20:58:59.7007455Z'
  Import took 0.006386 seconds .

========================================================================
Received Import Request.
  Time since last request: 0.037284 seconds.
  path: Assets/Scripts/Menues and UI Dialogs/AreYouSureDialog.cs
  artifactKey: Guid(aa76929f2cebbe5488a3aaf1cf5de2ad) Importer(815301076,1909f56bfc062723c751e8b465ee728b)
Start importing Assets/Scripts/Menues and UI Dialogs/AreYouSureDialog.cs using Guid(aa76929f2cebbe5488a3aaf1cf5de2ad) Importer(815301076,1909f56bfc062723c751e8b465ee728b)  -> (artifact id: '00000000000000000000000000000000') in 0.000374 seconds
  ERROR: Build asset version error: assets/scripts/menues and ui dialogs/areyousuredialog.cs in SourceAssetDB has modification time of '2021-08-01T20:56:57.9452303Z' while content on disk has modification time of '2021-08-01T20:58:59.7007455Z'
  Import took 0.004211 seconds .

========================================================================
Received Import Request.
  Time since last request: 0.039689 seconds.
  path: Assets/Scripts/Menues and UI Dialogs/AreYouSureDialog.cs
  artifactKey: Guid(aa76929f2cebbe5488a3aaf1cf5de2ad) Importer(815301076,1909f56bfc062723c751e8b465ee728b)
Start importing Assets/Scripts/Menues and UI Dialogs/AreYouSureDialog.cs using Guid(aa76929f2cebbe5488a3aaf1cf5de2ad) Importer(815301076,1909f56bfc062723c751e8b465ee728b)  -> (artifact id: '00000000000000000000000000000000') in 0.000362 seconds
  ERROR: Build asset version error: assets/scripts/menues and ui dialogs/areyousuredialog.cs in SourceAssetDB has modification time of '2021-08-01T20:56:57.9452303Z' while content on disk has modification time of '2021-08-01T20:58:59.7007455Z'
  Import took 0.004232 seconds .

========================================================================
Received Import Request.
  Time since last request: 0.031464 seconds.
  path: Assets/Scripts/Menues and UI Dialogs/AreYouSureDialog.cs
  artifactKey: Guid(aa76929f2cebbe5488a3aaf1cf5de2ad) Importer(815301076,1909f56bfc062723c751e8b465ee728b)
Start importing Assets/Scripts/Menues and UI Dialogs/AreYouSureDialog.cs using Guid(aa76929f2cebbe5488a3aaf1cf5de2ad) Importer(815301076,1909f56bfc062723c751e8b465ee728b)  -> (artifact id: '00000000000000000000000000000000') in 0.000410 seconds
  ERROR: Build asset version error: assets/scripts/menues and ui dialogs/areyousuredialog.cs in SourceAssetDB has modification time of '2021-08-01T20:56:57.9452303Z' while content on disk has modification time of '2021-08-01T20:58:59.7007455Z'
  Import took 0.003708 seconds .

========================================================================
Received Import Request.
  Time since last request: 0.030309 seconds.
  path: Assets/Scripts/Menues and UI Dialogs/AreYouSureDialog.cs
  artifactKey: Guid(aa76929f2cebbe5488a3aaf1cf5de2ad) Importer(815301076,1909f56bfc062723c751e8b465ee728b)
Start importing Assets/Scripts/Menues and UI Dialogs/AreYouSureDialog.cs using Guid(aa76929f2cebbe5488a3aaf1cf5de2ad) Importer(815301076,1909f56bfc062723c751e8b465ee728b)  -> (artifact id: '00000000000000000000000000000000') in 0.000411 seconds
  ERROR: Build asset version error: assets/scripts/menues and ui dialogs/areyousuredialog.cs in SourceAssetDB has modification time of '2021-08-01T20:56:57.9452303Z' while content on disk has modification time of '2021-08-01T20:58:59.7007455Z'
  Import took 0.003750 seconds .

========================================================================
Received Import Request.
  Time since last request: 0.044208 seconds.
  path: Assets/Scripts/Menues and UI Dialogs/AreYouSureDialog.cs
  artifactKey: Guid(aa76929f2cebbe5488a3aaf1cf5de2ad) Importer(815301076,1909f56bfc062723c751e8b465ee728b)
Start importing Assets/Scripts/Menues and UI Dialogs/AreYouSureDialog.cs using Guid(aa76929f2cebbe5488a3aaf1cf5de2ad) Importer(815301076,1909f56bfc062723c751e8b465ee728b)  -> (artifact id: '00000000000000000000000000000000') in 0.001516 seconds
  ERROR: Build asset version error: assets/scripts/menues and ui dialogs/areyousuredialog.cs in SourceAssetDB has modification time of '2021-08-01T20:56:57.9452303Z' while content on disk has modification time of '2021-08-01T20:58:59.7007455Z'
  Import took 0.005278 seconds .

========================================================================
Received Import Request.
  Time since last request: 0.035167 seconds.
  path: Assets/Scripts/Menues and UI Dialogs/AreYouSureDialog.cs
  artifactKey: Guid(aa76929f2cebbe5488a3aaf1cf5de2ad) Importer(815301076,1909f56bfc062723c751e8b465ee728b)
Start importing Assets/Scripts/Menues and UI Dialogs/AreYouSureDialog.cs using Guid(aa76929f2cebbe5488a3aaf1cf5de2ad) Importer(815301076,1909f56bfc062723c751e8b465ee728b)  -> (artifact id: '00000000000000000000000000000000') in 0.000698 seconds
  ERROR: Build asset version error: assets/scripts/menues and ui dialogs/areyousuredialog.cs in SourceAssetDB has modification time of '2021-08-01T20:56:57.9452303Z' while content on disk has modification time of '2021-08-01T20:58:59.7007455Z'
  Import took 0.006589 seconds .

========================================================================
Received Import Request.
  Time since last request: 0.036841 seconds.
  path: Assets/Scripts/Menues and UI Dialogs/AreYouSureDialog.cs
  artifactKey: Guid(aa76929f2cebbe5488a3aaf1cf5de2ad) Importer(815301076,1909f56bfc062723c751e8b465ee728b)
Start importing Assets/Scripts/Menues and UI Dialogs/AreYouSureDialog.cs using Guid(aa76929f2cebbe5488a3aaf1cf5de2ad) Importer(815301076,1909f56bfc062723c751e8b465ee728b)  -> (artifact id: '00000000000000000000000000000000') in 0.000758 seconds
  ERROR: Build asset version error: assets/scripts/menues and ui dialogs/areyousuredialog.cs in SourceAssetDB has modification time of '2021-08-01T20:56:57.9452303Z' while content on disk has modification time of '2021-08-01T20:58:59.7007455Z'
  Import took 0.004523 seconds .

========================================================================
Received Import Request.
  Time since last request: 0.033071 seconds.
  path: Assets/Scripts/Menues and UI Dialogs/AreYouSureDialog.cs
  artifactKey: Guid(aa76929f2cebbe5488a3aaf1cf5de2ad) Importer(815301076,1909f56bfc062723c751e8b465ee728b)
Start importing Assets/Scripts/Menues and UI Dialogs/AreYouSureDialog.cs using Guid(aa76929f2cebbe5488a3aaf1cf5de2ad) Importer(815301076,1909f56bfc062723c751e8b465ee728b)  -> (artifact id: '00000000000000000000000000000000') in 0.000547 seconds
  ERROR: Build asset version error: assets/scripts/menues and ui dialogs/areyousuredialog.cs in SourceAssetDB has modification time of '2021-08-01T20:56:57.9452303Z' while content on disk has modification time of '2021-08-01T20:58:59.7007455Z'
  Import took 0.004250 seconds .

========================================================================
Received Import Request.
  Time since last request: 0.046506 seconds.
  path: Assets/Scripts/Menues and UI Dialogs/AreYouSureDialog.cs
  artifactKey: Guid(aa76929f2cebbe5488a3aaf1cf5de2ad) Importer(815301076,1909f56bfc062723c751e8b465ee728b)
Start importing Assets/Scripts/Menues and UI Dialogs/AreYouSureDialog.cs using Guid(aa76929f2cebbe5488a3aaf1cf5de2ad) Importer(815301076,1909f56bfc062723c751e8b465ee728b)  -> (artifact id: '00000000000000000000000000000000') in 0.000428 seconds
  ERROR: Build asset version error: assets/scripts/menues and ui dialogs/areyousuredialog.cs in SourceAssetDB has modification time of '2021-08-01T20:56:57.9452303Z' while content on disk has modification time of '2021-08-01T20:58:59.7007455Z'
  Import took 0.008489 seconds .

========================================================================
Received Import Request.
  Time since last request: 0.037263 seconds.
  path: Assets/Scripts/Menues and UI Dialogs/AreYouSureDialog.cs
  artifactKey: Guid(aa76929f2cebbe5488a3aaf1cf5de2ad) Importer(815301076,1909f56bfc062723c751e8b465ee728b)
Start importing Assets/Scripts/Menues and UI Dialogs/AreYouSureDialog.cs using Guid(aa76929f2cebbe5488a3aaf1cf5de2ad) Importer(815301076,1909f56bfc062723c751e8b465ee728b)  -> (artifact id: '00000000000000000000000000000000') in 0.000548 seconds
  ERROR: Build asset version error: assets/scripts/menues and ui dialogs/areyousuredialog.cs in SourceAssetDB has modification time of '2021-08-01T20:56:57.9452303Z' while content on disk has modification time of '2021-08-01T20:58:59.7007455Z'
  Import took 0.004133 seconds .

========================================================================
Received Import Request.
  Time since last request: 0.046914 seconds.
  path: Assets/Scripts/Menues and UI Dialogs/AreYouSureDialog.cs
  artifactKey: Guid(aa76929f2cebbe5488a3aaf1cf5de2ad) Importer(815301076,1909f56bfc062723c751e8b465ee728b)
Start importing Assets/Scripts/Menues and UI Dialogs/AreYouSureDialog.cs using Guid(aa76929f2cebbe5488a3aaf1cf5de2ad) Importer(815301076,1909f56bfc062723c751e8b465ee728b)  -> (artifact id: '00000000000000000000000000000000') in 0.000329 seconds
  ERROR: Build asset version error: assets/scripts/menues and ui dialogs/areyousuredialog.cs in SourceAssetDB has modification time of '2021-08-01T20:56:57.9452303Z' while content on disk has modification time of '2021-08-01T20:58:59.7007455Z'
  Import took 0.004201 seconds .

========================================================================
Received Import Request.
  Time since last request: 0.033209 seconds.
  path: Assets/Scripts/Menues and UI Dialogs/AreYouSureDialog.cs
  artifactKey: Guid(aa76929f2cebbe5488a3aaf1cf5de2ad) Importer(815301076,1909f56bfc062723c751e8b465ee728b)
Start importing Assets/Scripts/Menues and UI Dialogs/AreYouSureDialog.cs using Guid(aa76929f2cebbe5488a3aaf1cf5de2ad) Importer(815301076,1909f56bfc062723c751e8b465ee728b)  -> (artifact id: '00000000000000000000000000000000') in 0.000411 seconds
  ERROR: Build asset version error: assets/scripts/menues and ui dialogs/areyousuredialog.cs in SourceAssetDB has modification time of '2021-08-01T20:56:57.9452303Z' while content on disk has modification time of '2021-08-01T20:58:59.7007455Z'
  Import took 0.004011 seconds .

========================================================================
Received Import Request.
  Time since last request: 0.031093 seconds.
  path: Assets/Scripts/Menues and UI Dialogs/AreYouSureDialog.cs
  artifactKey: Guid(aa76929f2cebbe5488a3aaf1cf5de2ad) Importer(815301076,1909f56bfc062723c751e8b465ee728b)
Start importing Assets/Scripts/Menues and UI Dialogs/AreYouSureDialog.cs using Guid(aa76929f2cebbe5488a3aaf1cf5de2ad) Importer(815301076,1909f56bfc062723c751e8b465ee728b)  -> (artifact id: '00000000000000000000000000000000') in 0.000656 seconds
  ERROR: Build asset version error: assets/scripts/menues and ui dialogs/areyousuredialog.cs in SourceAssetDB has modification time of '2021-08-01T20:56:57.9452303Z' while content on disk has modification time of '2021-08-01T20:58:59.7007455Z'
  Import took 0.006452 seconds .

========================================================================
Received Import Request.
  Time since last request: 0.031461 seconds.
  path: Assets/Scripts/Menues and UI Dialogs/AreYouSureDialog.cs
  artifactKey: Guid(aa76929f2cebbe5488a3aaf1cf5de2ad) Importer(815301076,1909f56bfc062723c751e8b465ee728b)
Start importing Assets/Scripts/Menues and UI Dialogs/AreYouSureDialog.cs using Guid(aa76929f2cebbe5488a3aaf1cf5de2ad) Importer(815301076,1909f56bfc062723c751e8b465ee728b)  -> (artifact id: '00000000000000000000000000000000') in 0.000405 seconds
  ERROR: Build asset version error: assets/scripts/menues and ui dialogs/areyousuredialog.cs in SourceAssetDB has modification time of '2021-08-01T20:56:57.9452303Z' while content on disk has modification time of '2021-08-01T20:58:59.7007455Z'
  Import took 0.003545 seconds .

========================================================================
Received Import Request.
  Time since last request: 0.031227 seconds.
  path: Assets/Scripts/Menues and UI Dialogs/AreYouSureDialog.cs
  artifactKey: Guid(aa76929f2cebbe5488a3aaf1cf5de2ad) Importer(815301076,1909f56bfc062723c751e8b465ee728b)
Start importing Assets/Scripts/Menues and UI Dialogs/AreYouSureDialog.cs using Guid(aa76929f2cebbe5488a3aaf1cf5de2ad) Importer(815301076,1909f56bfc062723c751e8b465ee728b)  -> (artifact id: '00000000000000000000000000000000') in 0.001463 seconds
  ERROR: Build asset version error: assets/scripts/menues and ui dialogs/areyousuredialog.cs in SourceAssetDB has modification time of '2021-08-01T20:56:57.9452303Z' while content on disk has modification time of '2021-08-01T20:58:59.7007455Z'
  Import took 0.004560 seconds .

========================================================================
Received Import Request.
  Time since last request: 0.033569 seconds.
  path: Assets/Scripts/Menues and UI Dialogs/AreYouSureDialog.cs
  artifactKey: Guid(aa76929f2cebbe5488a3aaf1cf5de2ad) Importer(815301076,1909f56bfc062723c751e8b465ee728b)
Start importing Assets/Scripts/Menues and UI Dialogs/AreYouSureDialog.cs using Guid(aa76929f2cebbe5488a3aaf1cf5de2ad) Importer(815301076,1909f56bfc062723c751e8b465ee728b)  -> (artifact id: '00000000000000000000000000000000') in 0.001070 seconds
  ERROR: Build asset version error: assets/scripts/menues and ui dialogs/areyousuredialog.cs in SourceAssetDB has modification time of '2021-08-01T20:56:57.9452303Z' while content on disk has modification time of '2021-08-01T20:58:59.7007455Z'
  Import took 0.004093 seconds .

========================================================================
Received Import Request.
  Time since last request: 0.033733 seconds.
  path: Assets/Scripts/Menues and UI Dialogs/AreYouSureDialog.cs
  artifactKey: Guid(aa76929f2cebbe5488a3aaf1cf5de2ad) Importer(815301076,1909f56bfc062723c751e8b465ee728b)
Start importing Assets/Scripts/Menues and UI Dialogs/AreYouSureDialog.cs using Guid(aa76929f2cebbe5488a3aaf1cf5de2ad) Importer(815301076,1909f56bfc062723c751e8b465ee728b)  -> (artifact id: '00000000000000000000000000000000') in 0.001117 seconds
  ERROR: Build asset version error: assets/scripts/menues and ui dialogs/areyousuredialog.cs in SourceAssetDB has modification time of '2021-08-01T20:56:57.9452303Z' while content on disk has modification time of '2021-08-01T20:58:59.7007455Z'
  Import took 0.005998 seconds .

========================================================================
Received Import Request.
  Time since last request: 0.086449 seconds.
  path: Assets/Scripts/Menues and UI Dialogs/AreYouSureDialog.cs
  artifactKey: Guid(aa76929f2cebbe5488a3aaf1cf5de2ad) Importer(815301076,1909f56bfc062723c751e8b465ee728b)
Start importing Assets/Scripts/Menues and UI Dialogs/AreYouSureDialog.cs using Guid(aa76929f2cebbe5488a3aaf1cf5de2ad) Importer(815301076,1909f56bfc062723c751e8b465ee728b)  -> (artifact id: '00000000000000000000000000000000') in 0.000308 seconds
  ERROR: Build asset version error: assets/scripts/menues and ui dialogs/areyousuredialog.cs in SourceAssetDB has modification time of '2021-08-01T20:56:57.9452303Z' while content on disk has modification time of '2021-08-01T20:58:59.7007455Z'
  Import took 0.002900 seconds .

========================================================================
Received Import Request.
  Time since last request: 0.108375 seconds.
  path: Assets/Scripts/Menues and UI Dialogs/AreYouSureDialog.cs
  artifactKey: Guid(aa76929f2cebbe5488a3aaf1cf5de2ad) Importer(815301076,1909f56bfc062723c751e8b465ee728b)
Start importing Assets/Scripts/Menues and UI Dialogs/AreYouSureDialog.cs using Guid(aa76929f2cebbe5488a3aaf1cf5de2ad) Importer(815301076,1909f56bfc062723c751e8b465ee728b)  -> (artifact id: '00000000000000000000000000000000') in 0.000533 seconds
  ERROR: Build asset version error: assets/scripts/menues and ui dialogs/areyousuredialog.cs in SourceAssetDB has modification time of '2021-08-01T20:56:57.9452303Z' while content on disk has modification time of '2021-08-01T20:58:59.7007455Z'
  Import took 0.005153 seconds .

========================================================================
Received Import Request.
  Time since last request: 0.038813 seconds.
  path: Assets/Scripts/Menues and UI Dialogs/AreYouSureDialog.cs
  artifactKey: Guid(aa76929f2cebbe5488a3aaf1cf5de2ad) Importer(815301076,1909f56bfc062723c751e8b465ee728b)
Start importing Assets/Scripts/Menues and UI Dialogs/AreYouSureDialog.cs using Guid(aa76929f2cebbe5488a3aaf1cf5de2ad) Importer(815301076,1909f56bfc062723c751e8b465ee728b)  -> (artifact id: '00000000000000000000000000000000') in 0.000932 seconds
  ERROR: Build asset version error: assets/scripts/menues and ui dialogs/areyousuredialog.cs in SourceAssetDB has modification time of '2021-08-01T20:56:57.9452303Z' while content on disk has modification time of '2021-08-01T20:58:59.7007455Z'
  Import took 0.004197 seconds .

========================================================================
Received Import Request.
  Time since last request: 0.034696 seconds.
  path: Assets/Scripts/Menues and UI Dialogs/AreYouSureDialog.cs
  artifactKey: Guid(aa76929f2cebbe5488a3aaf1cf5de2ad) Importer(815301076,1909f56bfc062723c751e8b465ee728b)
Start importing Assets/Scripts/Menues and UI Dialogs/AreYouSureDialog.cs using Guid(aa76929f2cebbe5488a3aaf1cf5de2ad) Importer(815301076,1909f56bfc062723c751e8b465ee728b)  -> (artifact id: '00000000000000000000000000000000') in 0.001458 seconds
  ERROR: Build asset version error: assets/scripts/menues and ui dialogs/areyousuredialog.cs in SourceAssetDB has modification time of '2021-08-01T20:56:57.9452303Z' while content on disk has modification time of '2021-08-01T20:58:59.7007455Z'
  Import took 0.004266 seconds .

========================================================================
Received Import Request.
  Time since last request: 0.040754 seconds.
  path: Assets/Scripts/Menues and UI Dialogs/AreYouSureDialog.cs
  artifactKey: Guid(aa76929f2cebbe5488a3aaf1cf5de2ad) Importer(815301076,1909f56bfc062723c751e8b465ee728b)
Start importing Assets/Scripts/Menues and UI Dialogs/AreYouSureDialog.cs using Guid(aa76929f2cebbe5488a3aaf1cf5de2ad) Importer(815301076,1909f56bfc062723c751e8b465ee728b)  -> (artifact id: '00000000000000000000000000000000') in 0.000375 seconds
  ERROR: Build asset version error: assets/scripts/menues and ui dialogs/areyousuredialog.cs in SourceAssetDB has modification time of '2021-08-01T20:56:57.9452303Z' while content on disk has modification time of '2021-08-01T20:58:59.7007455Z'
  Import took 0.004214 seconds .

========================================================================
Received Import Request.
  Time since last request: 0.030123 seconds.
  path: Assets/Scripts/Menues and UI Dialogs/AreYouSureDialog.cs
  artifactKey: Guid(aa76929f2cebbe5488a3aaf1cf5de2ad) Importer(815301076,1909f56bfc062723c751e8b465ee728b)
Start importing Assets/Scripts/Menues and UI Dialogs/AreYouSureDialog.cs using Guid(aa76929f2cebbe5488a3aaf1cf5de2ad) Importer(815301076,1909f56bfc062723c751e8b465ee728b)  -> (artifact id: '00000000000000000000000000000000') in 0.008758 seconds
  ERROR: Build asset version error: assets/scripts/menues and ui dialogs/areyousuredialog.cs in SourceAssetDB has modification time of '2021-08-01T20:56:57.9452303Z' while content on disk has modification time of '2021-08-01T20:58:59.7007455Z'
  Import took 0.018597 seconds .

========================================================================
Received Import Request.
  Time since last request: 0.131264 seconds.
  path: Assets/Scripts/Menues and UI Dialogs/AreYouSureDialog.cs
  artifactKey: Guid(aa76929f2cebbe5488a3aaf1cf5de2ad) Importer(815301076,1909f56bfc062723c751e8b465ee728b)
Start importing Assets/Scripts/Menues and UI Dialogs/AreYouSureDialog.cs using Guid(aa76929f2cebbe5488a3aaf1cf5de2ad) Importer(815301076,1909f56bfc062723c751e8b465ee728b)  -> (artifact id: '00000000000000000000000000000000') in 0.000348 seconds
  ERROR: Build asset version error: assets/scripts/menues and ui dialogs/areyousuredialog.cs in SourceAssetDB has modification time of '2021-08-01T20:56:57.9452303Z' while content on disk has modification time of '2021-08-01T20:58:59.7007455Z'
  Import took 0.004164 seconds .

========================================================================
Received Import Request.
  Time since last request: 0.046491 seconds.
  path: Assets/Scripts/Menues and UI Dialogs/AreYouSureDialog.cs
  artifactKey: Guid(aa76929f2cebbe5488a3aaf1cf5de2ad) Importer(815301076,1909f56bfc062723c751e8b465ee728b)
Start importing Assets/Scripts/Menues and UI Dialogs/AreYouSureDialog.cs using Guid(aa76929f2cebbe5488a3aaf1cf5de2ad) Importer(815301076,1909f56bfc062723c751e8b465ee728b)  -> (artifact id: '00000000000000000000000000000000') in 0.000530 seconds
  ERROR: Build asset version error: assets/scripts/menues and ui dialogs/areyousuredialog.cs in SourceAssetDB has modification time of '2021-08-01T20:56:57.9452303Z' while content on disk has modification time of '2021-08-01T20:58:59.7007455Z'
  Import took 0.005249 seconds .

========================================================================
Received Import Request.
  Time since last request: 0.034054 seconds.
  path: Assets/Scripts/Menues and UI Dialogs/AreYouSureDialog.cs
  artifactKey: Guid(aa76929f2cebbe5488a3aaf1cf5de2ad) Importer(815301076,1909f56bfc062723c751e8b465ee728b)
Start importing Assets/Scripts/Menues and UI Dialogs/AreYouSureDialog.cs using Guid(aa76929f2cebbe5488a3aaf1cf5de2ad) Importer(815301076,1909f56bfc062723c751e8b465ee728b)  -> (artifact id: '00000000000000000000000000000000') in 0.000596 seconds
  ERROR: Build asset version error: assets/scripts/menues and ui dialogs/areyousuredialog.cs in SourceAssetDB has modification time of '2021-08-01T20:56:57.9452303Z' while content on disk has modification time of '2021-08-01T20:58:59.7007455Z'
  Import took 0.003828 seconds .

========================================================================
Received Import Request.
  Time since last request: 0.044312 seconds.
  path: Assets/Scripts/Menues and UI Dialogs/AreYouSureDialog.cs
  artifactKey: Guid(aa76929f2cebbe5488a3aaf1cf5de2ad) Importer(815301076,1909f56bfc062723c751e8b465ee728b)
Start importing Assets/Scripts/Menues and UI Dialogs/AreYouSureDialog.cs using Guid(aa76929f2cebbe5488a3aaf1cf5de2ad) Importer(815301076,1909f56bfc062723c751e8b465ee728b)  -> (artifact id: '00000000000000000000000000000000') in 0.000607 seconds
  ERROR: Build asset version error: assets/scripts/menues and ui dialogs/areyousuredialog.cs in SourceAssetDB has modification time of '2021-08-01T20:56:57.9452303Z' while content on disk has modification time of '2021-08-01T20:58:59.7007455Z'
  Import took 0.004878 seconds .

========================================================================
Received Import Request.
  Time since last request: 0.036973 seconds.
  path: Assets/Scripts/Menues and UI Dialogs/AreYouSureDialog.cs
  artifactKey: Guid(aa76929f2cebbe5488a3aaf1cf5de2ad) Importer(815301076,1909f56bfc062723c751e8b465ee728b)
Start importing Assets/Scripts/Menues and UI Dialogs/AreYouSureDialog.cs using Guid(aa76929f2cebbe5488a3aaf1cf5de2ad) Importer(815301076,1909f56bfc062723c751e8b465ee728b)  -> (artifact id: '00000000000000000000000000000000') in 0.000703 seconds
  ERROR: Build asset version error: assets/scripts/menues and ui dialogs/areyousuredialog.cs in SourceAssetDB has modification time of '2021-08-01T20:56:57.9452303Z' while content on disk has modification time of '2021-08-01T20:58:59.7007455Z'
  Import took 0.005274 seconds .

========================================================================
Received Import Request.
  Time since last request: 0.039303 seconds.
  path: Assets/Scripts/Menues and UI Dialogs/AreYouSureDialog.cs
  artifactKey: Guid(aa76929f2cebbe5488a3aaf1cf5de2ad) Importer(815301076,1909f56bfc062723c751e8b465ee728b)
Start importing Assets/Scripts/Menues and UI Dialogs/AreYouSureDialog.cs using Guid(aa76929f2cebbe5488a3aaf1cf5de2ad) Importer(815301076,1909f56bfc062723c751e8b465ee728b)  -> (artifact id: '00000000000000000000000000000000') in 0.000342 seconds
  ERROR: Build asset version error: assets/scripts/menues and ui dialogs/areyousuredialog.cs in SourceAssetDB has modification time of '2021-08-01T20:56:57.9452303Z' while content on disk has modification time of '2021-08-01T20:58:59.7007455Z'
  Import took 0.004153 seconds .

========================================================================
Received Import Request.
  Time since last request: 0.051746 seconds.
  path: Assets/Scripts/Menues and UI Dialogs/AreYouSureDialog.cs
  artifactKey: Guid(aa76929f2cebbe5488a3aaf1cf5de2ad) Importer(815301076,1909f56bfc062723c751e8b465ee728b)
Start importing Assets/Scripts/Menues and UI Dialogs/AreYouSureDialog.cs using Guid(aa76929f2cebbe5488a3aaf1cf5de2ad) Importer(815301076,1909f56bfc062723c751e8b465ee728b)  -> (artifact id: '00000000000000000000000000000000') in 0.000392 seconds
  ERROR: Build asset version error: assets/scripts/menues and ui dialogs/areyousuredialog.cs in SourceAssetDB has modification time of '2021-08-01T20:56:57.9452303Z' while content on disk has modification time of '2021-08-01T20:58:59.7007455Z'
  Import took 0.004520 seconds .

========================================================================
Received Import Request.
  Time since last request: 0.048249 seconds.
  path: Assets/Scripts/Menues and UI Dialogs/AreYouSureDialog.cs
  artifactKey: Guid(aa76929f2cebbe5488a3aaf1cf5de2ad) Importer(815301076,1909f56bfc062723c751e8b465ee728b)
Start importing Assets/Scripts/Menues and UI Dialogs/AreYouSureDialog.cs using Guid(aa76929f2cebbe5488a3aaf1cf5de2ad) Importer(815301076,1909f56bfc062723c751e8b465ee728b)  -> (artifact id: '00000000000000000000000000000000') in 0.000993 seconds
  ERROR: Build asset version error: assets/scripts/menues and ui dialogs/areyousuredialog.cs in SourceAssetDB has modification time of '2021-08-01T20:56:57.9452303Z' while content on disk has modification time of '2021-08-01T20:58:59.7007455Z'
  Import took 0.005320 seconds .

========================================================================
Received Import Request.
  Time since last request: 0.043627 seconds.
  path: Assets/Scripts/Menues and UI Dialogs/AreYouSureDialog.cs
  artifactKey: Guid(aa76929f2cebbe5488a3aaf1cf5de2ad) Importer(815301076,1909f56bfc062723c751e8b465ee728b)
Start importing Assets/Scripts/Menues and UI Dialogs/AreYouSureDialog.cs using Guid(aa76929f2cebbe5488a3aaf1cf5de2ad) Importer(815301076,1909f56bfc062723c751e8b465ee728b)  -> (artifact id: '00000000000000000000000000000000') in 0.001097 seconds
  ERROR: Build asset version error: assets/scripts/menues and ui dialogs/areyousuredialog.cs in SourceAssetDB has modification time of '2021-08-01T20:56:57.9452303Z' while content on disk has modification time of '2021-08-01T20:58:59.7007455Z'
  Import took 0.004673 seconds .

========================================================================
Received Import Request.
  Time since last request: 0.034814 seconds.
  path: Assets/Scripts/Menues and UI Dialogs/AreYouSureDialog.cs
  artifactKey: Guid(aa76929f2cebbe5488a3aaf1cf5de2ad) Importer(815301076,1909f56bfc062723c751e8b465ee728b)
Start importing Assets/Scripts/Menues and UI Dialogs/AreYouSureDialog.cs using Guid(aa76929f2cebbe5488a3aaf1cf5de2ad) Importer(815301076,1909f56bfc062723c751e8b465ee728b)  -> (artifact id: '00000000000000000000000000000000') in 0.001410 seconds
  ERROR: Build asset version error: assets/scripts/menues and ui dialogs/areyousuredialog.cs in SourceAssetDB has modification time of '2021-08-01T20:56:57.9452303Z' while content on disk has modification time of '2021-08-01T20:58:59.7007455Z'
  Import took 0.005084 seconds .

========================================================================
Received Import Request.
  Time since last request: 0.031748 seconds.
  path: Assets/Scripts/Menues and UI Dialogs/AreYouSureDialog.cs
  artifactKey: Guid(aa76929f2cebbe5488a3aaf1cf5de2ad) Importer(815301076,1909f56bfc062723c751e8b465ee728b)
Start importing Assets/Scripts/Menues and UI Dialogs/AreYouSureDialog.cs using Guid(aa76929f2cebbe5488a3aaf1cf5de2ad) Importer(815301076,1909f56bfc062723c751e8b465ee728b)  -> (artifact id: '00000000000000000000000000000000') in 0.000983 seconds
  ERROR: Build asset version error: assets/scripts/menues and ui dialogs/areyousuredialog.cs in SourceAssetDB has modification time of '2021-08-01T20:56:57.9452303Z' while content on disk has modification time of '2021-08-01T20:58:59.7007455Z'
  Import took 0.004509 seconds .

========================================================================
Received Import Request.
  Time since last request: 0.034659 seconds.
  path: Assets/Scripts/Menues and UI Dialogs/AreYouSureDialog.cs
  artifactKey: Guid(aa76929f2cebbe5488a3aaf1cf5de2ad) Importer(815301076,1909f56bfc062723c751e8b465ee728b)
Start importing Assets/Scripts/Menues and UI Dialogs/AreYouSureDialog.cs using Guid(aa76929f2cebbe5488a3aaf1cf5de2ad) Importer(815301076,1909f56bfc062723c751e8b465ee728b)  -> (artifact id: '00000000000000000000000000000000') in 0.001773 seconds
  ERROR: Build asset version error: assets/scripts/menues and ui dialogs/areyousuredialog.cs in SourceAssetDB has modification time of '2021-08-01T20:56:57.9452303Z' while content on disk has modification time of '2021-08-01T20:58:59.7007455Z'
  Import took 0.004978 seconds .

========================================================================
Received Import Request.
  Time since last request: 0.032921 seconds.
  path: Assets/Scripts/Menues and UI Dialogs/AreYouSureDialog.cs
  artifactKey: Guid(aa76929f2cebbe5488a3aaf1cf5de2ad) Importer(815301076,1909f56bfc062723c751e8b465ee728b)
Start importing Assets/Scripts/Menues and UI Dialogs/AreYouSureDialog.cs using Guid(aa76929f2cebbe5488a3aaf1cf5de2ad) Importer(815301076,1909f56bfc062723c751e8b465ee728b)  -> (artifact id: '00000000000000000000000000000000') in 0.000400 seconds
  ERROR: Build asset version error: assets/scripts/menues and ui dialogs/areyousuredialog.cs in SourceAssetDB has modification time of '2021-08-01T20:56:57.9452303Z' while content on disk has modification time of '2021-08-01T20:58:59.7007455Z'
  Import took 0.003791 seconds .

========================================================================
Received Import Request.
  Time since last request: 0.030027 seconds.
  path: Assets/Scripts/Menues and UI Dialogs/AreYouSureDialog.cs
  artifactKey: Guid(aa76929f2cebbe5488a3aaf1cf5de2ad) Importer(815301076,1909f56bfc062723c751e8b465ee728b)
Start importing Assets/Scripts/Menues and UI Dialogs/AreYouSureDialog.cs using Guid(aa76929f2cebbe5488a3aaf1cf5de2ad) Importer(815301076,1909f56bfc062723c751e8b465ee728b)  -> (artifact id: '00000000000000000000000000000000') in 0.000366 seconds
  ERROR: Build asset version error: assets/scripts/menues and ui dialogs/areyousuredialog.cs in SourceAssetDB has modification time of '2021-08-01T20:56:57.9452303Z' while content on disk has modification time of '2021-08-01T20:58:59.7007455Z'
  Import took 0.003779 seconds .

========================================================================
Received Import Request.
  Time since last request: 0.055175 seconds.
  path: Assets/Scripts/Menues and UI Dialogs/AreYouSureDialog.cs
  artifactKey: Guid(aa76929f2cebbe5488a3aaf1cf5de2ad) Importer(815301076,1909f56bfc062723c751e8b465ee728b)
Start importing Assets/Scripts/Menues and UI Dialogs/AreYouSureDialog.cs using Guid(aa76929f2cebbe5488a3aaf1cf5de2ad) Importer(815301076,1909f56bfc062723c751e8b465ee728b)  -> (artifact id: '00000000000000000000000000000000') in 0.000431 seconds
  ERROR: Build asset version error: assets/scripts/menues and ui dialogs/areyousuredialog.cs in SourceAssetDB has modification time of '2021-08-01T20:56:57.9452303Z' while content on disk has modification time of '2021-08-01T20:58:59.7007455Z'
  Import took 0.005124 seconds .

========================================================================
Received Import Request.
  Time since last request: 0.039792 seconds.
  path: Assets/Scripts/Menues and UI Dialogs/AreYouSureDialog.cs
  artifactKey: Guid(aa76929f2cebbe5488a3aaf1cf5de2ad) Importer(815301076,1909f56bfc062723c751e8b465ee728b)
Start importing Assets/Scripts/Menues and UI Dialogs/AreYouSureDialog.cs using Guid(aa76929f2cebbe5488a3aaf1cf5de2ad) Importer(815301076,1909f56bfc062723c751e8b465ee728b)  -> (artifact id: '00000000000000000000000000000000') in 0.000679 seconds
  ERROR: Build asset version error: assets/scripts/menues and ui dialogs/areyousuredialog.cs in SourceAssetDB has modification time of '2021-08-01T20:56:57.9452303Z' while content on disk has modification time of '2021-08-01T20:58:59.7007455Z'
  Import took 0.004787 seconds .

========================================================================
Received Import Request.
  Time since last request: 0.029588 seconds.
  path: Assets/Scripts/Menues and UI Dialogs/AreYouSureDialog.cs
  artifactKey: Guid(aa76929f2cebbe5488a3aaf1cf5de2ad) Importer(815301076,1909f56bfc062723c751e8b465ee728b)
Start importing Assets/Scripts/Menues and UI Dialogs/AreYouSureDialog.cs using Guid(aa76929f2cebbe5488a3aaf1cf5de2ad) Importer(815301076,1909f56bfc062723c751e8b465ee728b)  -> (artifact id: '00000000000000000000000000000000') in 0.000402 seconds
  ERROR: Build asset version error: assets/scripts/menues and ui dialogs/areyousuredialog.cs in SourceAssetDB has modification time of '2021-08-01T20:56:57.9452303Z' while content on disk has modification time of '2021-08-01T20:58:59.7007455Z'
  Import took 0.004637 seconds .

========================================================================
Received Import Request.
  Time since last request: 0.033535 seconds.
  path: Assets/Scripts/Menues and UI Dialogs/AreYouSureDialog.cs
  artifactKey: Guid(aa76929f2cebbe5488a3aaf1cf5de2ad) Importer(815301076,1909f56bfc062723c751e8b465ee728b)
Start importing Assets/Scripts/Menues and UI Dialogs/AreYouSureDialog.cs using Guid(aa76929f2cebbe5488a3aaf1cf5de2ad) Importer(815301076,1909f56bfc062723c751e8b465ee728b)  -> (artifact id: '00000000000000000000000000000000') in 0.000618 seconds
  ERROR: Build asset version error: assets/scripts/menues and ui dialogs/areyousuredialog.cs in SourceAssetDB has modification time of '2021-08-01T20:56:57.9452303Z' while content on disk has modification time of '2021-08-01T20:58:59.7007455Z'
  Import took 0.003625 seconds .

========================================================================
Received Import Request.
  Time since last request: 0.028524 seconds.
  path: Assets/Scripts/Menues and UI Dialogs/AreYouSureDialog.cs
  artifactKey: Guid(aa76929f2cebbe5488a3aaf1cf5de2ad) Importer(815301076,1909f56bfc062723c751e8b465ee728b)
Start importing Assets/Scripts/Menues and UI Dialogs/AreYouSureDialog.cs using Guid(aa76929f2cebbe5488a3aaf1cf5de2ad) Importer(815301076,1909f56bfc062723c751e8b465ee728b)  -> (artifact id: '00000000000000000000000000000000') in 0.000370 seconds
  ERROR: Build asset version error: assets/scripts/menues and ui dialogs/areyousuredialog.cs in SourceAssetDB has modification time of '2021-08-01T20:56:57.9452303Z' while content on disk has modification time of '2021-08-01T20:58:59.7007455Z'
  Import took 0.003795 seconds .

========================================================================
Received Import Request.
  Time since last request: 0.031125 seconds.
  path: Assets/Scripts/Menues and UI Dialogs/AreYouSureDialog.cs
  artifactKey: Guid(aa76929f2cebbe5488a3aaf1cf5de2ad) Importer(815301076,1909f56bfc062723c751e8b465ee728b)
Start importing Assets/Scripts/Menues and UI Dialogs/AreYouSureDialog.cs using Guid(aa76929f2cebbe5488a3aaf1cf5de2ad) Importer(815301076,1909f56bfc062723c751e8b465ee728b)  -> (artifact id: '00000000000000000000000000000000') in 0.000960 seconds
  ERROR: Build asset version error: assets/scripts/menues and ui dialogs/areyousuredialog.cs in SourceAssetDB has modification time of '2021-08-01T20:56:57.9452303Z' while content on disk has modification time of '2021-08-01T20:58:59.7007455Z'
  Import took 0.004393 seconds .

========================================================================
Received Import Request.
  Time since last request: 0.030311 seconds.
  path: Assets/Scripts/Menues and UI Dialogs/AreYouSureDialog.cs
  artifactKey: Guid(aa76929f2cebbe5488a3aaf1cf5de2ad) Importer(815301076,1909f56bfc062723c751e8b465ee728b)
Start importing Assets/Scripts/Menues and UI Dialogs/AreYouSureDialog.cs using Guid(aa76929f2cebbe5488a3aaf1cf5de2ad) Importer(815301076,1909f56bfc062723c751e8b465ee728b)  -> (artifact id: '00000000000000000000000000000000') in 0.000361 seconds
  ERROR: Build asset version error: assets/scripts/menues and ui dialogs/areyousuredialog.cs in SourceAssetDB has modification time of '2021-08-01T20:56:57.9452303Z' while content on disk has modification time of '2021-08-01T20:58:59.7007455Z'
  Import took 0.003795 seconds .

========================================================================
Received Import Request.
  Time since last request: 0.043414 seconds.
  path: Assets/Scripts/Menues and UI Dialogs/AreYouSureDialog.cs
  artifactKey: Guid(aa76929f2cebbe5488a3aaf1cf5de2ad) Importer(815301076,1909f56bfc062723c751e8b465ee728b)
Start importing Assets/Scripts/Menues and UI Dialogs/AreYouSureDialog.cs using Guid(aa76929f2cebbe5488a3aaf1cf5de2ad) Importer(815301076,1909f56bfc062723c751e8b465ee728b)  -> (artifact id: '00000000000000000000000000000000') in 0.000402 seconds
  ERROR: Build asset version error: assets/scripts/menues and ui dialogs/areyousuredialog.cs in SourceAssetDB has modification time of '2021-08-01T20:56:57.9452303Z' while content on disk has modification time of '2021-08-01T20:58:59.7007455Z'
  Import took 0.003746 seconds .

========================================================================
Received Import Request.
  Time since last request: 0.031378 seconds.
  path: Assets/Scripts/Menues and UI Dialogs/AreYouSureDialog.cs
  artifactKey: Guid(aa76929f2cebbe5488a3aaf1cf5de2ad) Importer(815301076,1909f56bfc062723c751e8b465ee728b)
Start importing Assets/Scripts/Menues and UI Dialogs/AreYouSureDialog.cs using Guid(aa76929f2cebbe5488a3aaf1cf5de2ad) Importer(815301076,1909f56bfc062723c751e8b465ee728b)  -> (artifact id: '00000000000000000000000000000000') in 0.000385 seconds
  ERROR: Build asset version error: assets/scripts/menues and ui dialogs/areyousuredialog.cs in SourceAssetDB has modification time of '2021-08-01T20:56:57.9452303Z' while content on disk has modification time of '2021-08-01T20:58:59.7007455Z'
  Import took 0.004584 seconds .

========================================================================
Received Import Request.
  Time since last request: 0.032535 seconds.
  path: Assets/Scripts/Menues and UI Dialogs/AreYouSureDialog.cs
  artifactKey: Guid(aa76929f2cebbe5488a3aaf1cf5de2ad) Importer(815301076,1909f56bfc062723c751e8b465ee728b)
Start importing Assets/Scripts/Menues and UI Dialogs/AreYouSureDialog.cs using Guid(aa76929f2cebbe5488a3aaf1cf5de2ad) Importer(815301076,1909f56bfc062723c751e8b465ee728b)  -> (artifact id: '00000000000000000000000000000000') in 0.000424 seconds
  ERROR: Build asset version error: assets/scripts/menues and ui dialogs/areyousuredialog.cs in SourceAssetDB has modification time of '2021-08-01T20:56:57.9452303Z' while content on disk has modification time of '2021-08-01T20:58:59.7007455Z'
  Import took 0.003580 seconds .

========================================================================
Received Import Request.
  Time since last request: 0.030445 seconds.
  path: Assets/Scripts/Menues and UI Dialogs/AreYouSureDialog.cs
  artifactKey: Guid(aa76929f2cebbe5488a3aaf1cf5de2ad) Importer(815301076,1909f56bfc062723c751e8b465ee728b)
Start importing Assets/Scripts/Menues and UI Dialogs/AreYouSureDialog.cs using Guid(aa76929f2cebbe5488a3aaf1cf5de2ad) Importer(815301076,1909f56bfc062723c751e8b465ee728b)  -> (artifact id: '00000000000000000000000000000000') in 0.000422 seconds
  ERROR: Build asset version error: assets/scripts/menues and ui dialogs/areyousuredialog.cs in SourceAssetDB has modification time of '2021-08-01T20:56:57.9452303Z' while content on disk has modification time of '2021-08-01T20:58:59.7007455Z'
  Import took 0.003895 seconds .

========================================================================
Received Import Request.
  Time since last request: 0.031736 seconds.
  path: Assets/Scripts/Menues and UI Dialogs/AreYouSureDialog.cs
  artifactKey: Guid(aa76929f2cebbe5488a3aaf1cf5de2ad) Importer(815301076,1909f56bfc062723c751e8b465ee728b)
Start importing Assets/Scripts/Menues and UI Dialogs/AreYouSureDialog.cs using Guid(aa76929f2cebbe5488a3aaf1cf5de2ad) Importer(815301076,1909f56bfc062723c751e8b465ee728b)  -> (artifact id: '00000000000000000000000000000000') in 0.000413 seconds
  ERROR: Build asset version error: assets/scripts/menues and ui dialogs/areyousuredialog.cs in SourceAssetDB has modification time of '2021-08-01T20:56:57.9452303Z' while content on disk has modification time of '2021-08-01T20:58:59.7007455Z'
  Import took 0.003907 seconds .

========================================================================
Received Import Request.
  Time since last request: 0.030809 seconds.
  path: Assets/Scripts/Menues and UI Dialogs/AreYouSureDialog.cs
  artifactKey: Guid(aa76929f2cebbe5488a3aaf1cf5de2ad) Importer(815301076,1909f56bfc062723c751e8b465ee728b)
Start importing Assets/Scripts/Menues and UI Dialogs/AreYouSureDialog.cs using Guid(aa76929f2cebbe5488a3aaf1cf5de2ad) Importer(815301076,1909f56bfc062723c751e8b465ee728b)  -> (artifact id: '00000000000000000000000000000000') in 0.000723 seconds
  ERROR: Build asset version error: assets/scripts/menues and ui dialogs/areyousuredialog.cs in SourceAssetDB has modification time of '2021-08-01T20:56:57.9452303Z' while content on disk has modification time of '2021-08-01T20:58:59.7007455Z'
  Import took 0.004293 seconds .

========================================================================
Received Import Request.
  Time since last request: 0.035490 seconds.
  path: Assets/Scripts/Menues and UI Dialogs/AreYouSureDialog.cs
  artifactKey: Guid(aa76929f2cebbe5488a3aaf1cf5de2ad) Importer(815301076,1909f56bfc062723c751e8b465ee728b)
Start importing Assets/Scripts/Menues and UI Dialogs/AreYouSureDialog.cs using Guid(aa76929f2cebbe5488a3aaf1cf5de2ad) Importer(815301076,1909f56bfc062723c751e8b465ee728b)  -> (artifact id: '00000000000000000000000000000000') in 0.000399 seconds
  ERROR: Build asset version error: assets/scripts/menues and ui dialogs/areyousuredialog.cs in SourceAssetDB has modification time of '2021-08-01T20:56:57.9452303Z' while content on disk has modification time of '2021-08-01T20:58:59.7007455Z'
  Import took 0.003792 seconds .

========================================================================
Received Import Request.
  Time since last request: 0.036672 seconds.
  path: Assets/Scripts/Menues and UI Dialogs/AreYouSureDialog.cs
  artifactKey: Guid(aa76929f2cebbe5488a3aaf1cf5de2ad) Importer(815301076,1909f56bfc062723c751e8b465ee728b)
Start importing Assets/Scripts/Menues and UI Dialogs/AreYouSureDialog.cs using Guid(aa76929f2cebbe5488a3aaf1cf5de2ad) Importer(815301076,1909f56bfc062723c751e8b465ee728b)  -> (artifact id: '00000000000000000000000000000000') in 0.000969 seconds
  ERROR: Build asset version error: assets/scripts/menues and ui dialogs/areyousuredialog.cs in SourceAssetDB has modification time of '2021-08-01T20:56:57.9452303Z' while content on disk has modification time of '2021-08-01T20:58:59.7007455Z'
  Import took 0.004137 seconds .

========================================================================
Received Import Request.
  Time since last request: 0.030105 seconds.
  path: Assets/Scripts/Menues and UI Dialogs/AreYouSureDialog.cs
  artifactKey: Guid(aa76929f2cebbe5488a3aaf1cf5de2ad) Importer(815301076,1909f56bfc062723c751e8b465ee728b)
Start importing Assets/Scripts/Menues and UI Dialogs/AreYouSureDialog.cs using Guid(aa76929f2cebbe5488a3aaf1cf5de2ad) Importer(815301076,1909f56bfc062723c751e8b465ee728b)  -> (artifact id: '00000000000000000000000000000000') in 0.000748 seconds
  ERROR: Build asset version error: assets/scripts/menues and ui dialogs/areyousuredialog.cs in SourceAssetDB has modification time of '2021-08-01T20:56:57.9452303Z' while content on disk has modification time of '2021-08-01T20:58:59.7007455Z'
  Import took 0.004509 seconds .

========================================================================
Received Import Request.
  Time since last request: 0.028832 seconds.
  path: Assets/Scripts/Menues and UI Dialogs/AreYouSureDialog.cs
  artifactKey: Guid(aa76929f2cebbe5488a3aaf1cf5de2ad) Importer(815301076,1909f56bfc062723c751e8b465ee728b)
Start importing Assets/Scripts/Menues and UI Dialogs/AreYouSureDialog.cs using Guid(aa76929f2cebbe5488a3aaf1cf5de2ad) Importer(815301076,1909f56bfc062723c751e8b465ee728b)  -> (artifact id: '00000000000000000000000000000000') in 0.000746 seconds
  ERROR: Build asset version error: assets/scripts/menues and ui dialogs/areyousuredialog.cs in SourceAssetDB has modification time of '2021-08-01T20:56:57.9452303Z' while content on disk has modification time of '2021-08-01T20:58:59.7007455Z'
  Import took 0.004237 seconds .

========================================================================
Received Import Request.
  Time since last request: 0.030577 seconds.
  path: Assets/Scripts/Menues and UI Dialogs/AreYouSureDialog.cs
  artifactKey: Guid(aa76929f2cebbe5488a3aaf1cf5de2ad) Importer(815301076,1909f56bfc062723c751e8b465ee728b)
Start importing Assets/Scripts/Menues and UI Dialogs/AreYouSureDialog.cs using Guid(aa76929f2cebbe5488a3aaf1cf5de2ad) Importer(815301076,1909f56bfc062723c751e8b465ee728b)  -> (artifact id: '00000000000000000000000000000000') in 0.000378 seconds
  ERROR: Build asset version error: assets/scripts/menues and ui dialogs/areyousuredialog.cs in SourceAssetDB has modification time of '2021-08-01T20:56:57.9452303Z' while content on disk has modification time of '2021-08-01T20:58:59.7007455Z'
  Import took 0.003628 seconds .

========================================================================
Received Import Request.
  Time since last request: 0.031041 seconds.
  path: Assets/Scripts/Menues and UI Dialogs/AreYouSureDialog.cs
  artifactKey: Guid(aa76929f2cebbe5488a3aaf1cf5de2ad) Importer(815301076,1909f56bfc062723c751e8b465ee728b)
Start importing Assets/Scripts/Menues and UI Dialogs/AreYouSureDialog.cs using Guid(aa76929f2cebbe5488a3aaf1cf5de2ad) Importer(815301076,1909f56bfc062723c751e8b465ee728b)  -> (artifact id: '00000000000000000000000000000000') in 0.000371 seconds
  ERROR: Build asset version error: assets/scripts/menues and ui dialogs/areyousuredialog.cs in SourceAssetDB has modification time of '2021-08-01T20:56:57.9452303Z' while content on disk has modification time of '2021-08-01T20:58:59.7007455Z'
  Import took 0.003737 seconds .

========================================================================
Received Import Request.
  Time since last request: 0.034581 seconds.
  path: Assets/Scripts/Menues and UI Dialogs/AreYouSureDialog.cs
  artifactKey: Guid(aa76929f2cebbe5488a3aaf1cf5de2ad) Importer(815301076,1909f56bfc062723c751e8b465ee728b)
Start importing Assets/Scripts/Menues and UI Dialogs/AreYouSureDialog.cs using Guid(aa76929f2cebbe5488a3aaf1cf5de2ad) Importer(815301076,1909f56bfc062723c751e8b465ee728b)  -> (artifact id: '00000000000000000000000000000000') in 0.000455 seconds
  ERROR: Build asset version error: assets/scripts/menues and ui dialogs/areyousuredialog.cs in SourceAssetDB has modification time of '2021-08-01T20:56:57.9452303Z' while content on disk has modification time of '2021-08-01T20:58:59.7007455Z'
  Import took 0.003757 seconds .

========================================================================
Received Import Request.
  Time since last request: 0.033468 seconds.
  path: Assets/Scripts/Menues and UI Dialogs/AreYouSureDialog.cs
  artifactKey: Guid(aa76929f2cebbe5488a3aaf1cf5de2ad) Importer(815301076,1909f56bfc062723c751e8b465ee728b)
Start importing Assets/Scripts/Menues and UI Dialogs/AreYouSureDialog.cs using Guid(aa76929f2cebbe5488a3aaf1cf5de2ad) Importer(815301076,1909f56bfc062723c751e8b465ee728b)  -> (artifact id: '00000000000000000000000000000000') in 0.000850 seconds
  ERROR: Build asset version error: assets/scripts/menues and ui dialogs/areyousuredialog.cs in SourceAssetDB has modification time of '2021-08-01T20:56:57.9452303Z' while content on disk has modification time of '2021-08-01T20:58:59.7007455Z'
  Import took 0.003992 seconds .

========================================================================
Received Import Request.
  Time since last request: 0.029714 seconds.
  path: Assets/Scripts/Menues and UI Dialogs/AreYouSureDialog.cs
  artifactKey: Guid(aa76929f2cebbe5488a3aaf1cf5de2ad) Importer(815301076,1909f56bfc062723c751e8b465ee728b)
Start importing Assets/Scripts/Menues and UI Dialogs/AreYouSureDialog.cs using Guid(aa76929f2cebbe5488a3aaf1cf5de2ad) Importer(815301076,1909f56bfc062723c751e8b465ee728b)  -> (artifact id: '00000000000000000000000000000000') in 0.000461 seconds
  ERROR: Build asset version error: assets/scripts/menues and ui dialogs/areyousuredialog.cs in SourceAssetDB has modification time of '2021-08-01T20:56:57.9452303Z' while content on disk has modification time of '2021-08-01T20:58:59.7007455Z'
  Import took 0.004093 seconds .

========================================================================
Received Import Request.
  Time since last request: 0.029913 seconds.
  path: Assets/Scripts/Menues and UI Dialogs/AreYouSureDialog.cs
  artifactKey: Guid(aa76929f2cebbe5488a3aaf1cf5de2ad) Importer(815301076,1909f56bfc062723c751e8b465ee728b)
Start importing Assets/Scripts/Menues and UI Dialogs/AreYouSureDialog.cs using Guid(aa76929f2cebbe5488a3aaf1cf5de2ad) Importer(815301076,1909f56bfc062723c751e8b465ee728b)  -> (artifact id: '00000000000000000000000000000000') in 0.000404 seconds
  ERROR: Build asset version error: assets/scripts/menues and ui dialogs/areyousuredialog.cs in SourceAssetDB has modification time of '2021-08-01T20:56:57.9452303Z' while content on disk has modification time of '2021-08-01T20:58:59.7007455Z'
  Import took 0.003907 seconds .

========================================================================
Received Import Request.
  Time since last request: 0.043421 seconds.
  path: Assets/Scripts/Menues and UI Dialogs/AreYouSureDialog.cs
  artifactKey: Guid(aa76929f2cebbe5488a3aaf1cf5de2ad) Importer(815301076,1909f56bfc062723c751e8b465ee728b)
Start importing Assets/Scripts/Menues and UI Dialogs/AreYouSureDialog.cs using Guid(aa76929f2cebbe5488a3aaf1cf5de2ad) Importer(815301076,1909f56bfc062723c751e8b465ee728b)  -> (artifact id: '00000000000000000000000000000000') in 0.000376 seconds
  ERROR: Build asset version error: assets/scripts/menues and ui dialogs/areyousuredialog.cs in SourceAssetDB has modification time of '2021-08-01T20:56:57.9452303Z' while content on disk has modification time of '2021-08-01T20:58:59.7007455Z'
  Import took 0.004131 seconds .

========================================================================
Received Import Request.
  Time since last request: 0.034341 seconds.
  path: Assets/Scripts/Menues and UI Dialogs/AreYouSureDialog.cs
  artifactKey: Guid(aa76929f2cebbe5488a3aaf1cf5de2ad) Importer(815301076,1909f56bfc062723c751e8b465ee728b)
Start importing Assets/Scripts/Menues and UI Dialogs/AreYouSureDialog.cs using Guid(aa76929f2cebbe5488a3aaf1cf5de2ad) Importer(815301076,1909f56bfc062723c751e8b465ee728b)  -> (artifact id: '00000000000000000000000000000000') in 0.001986 seconds
  ERROR: Build asset version error: assets/scripts/menues and ui dialogs/areyousuredialog.cs in SourceAssetDB has modification time of '2021-08-01T20:56:57.9452303Z' while content on disk has modification time of '2021-08-01T20:58:59.7007455Z'
  Import took 0.005681 seconds .

========================================================================
Received Import Request.
  Time since last request: 0.032105 seconds.
  path: Assets/Scripts/Menues and UI Dialogs/AreYouSureDialog.cs
  artifactKey: Guid(aa76929f2cebbe5488a3aaf1cf5de2ad) Importer(815301076,1909f56bfc062723c751e8b465ee728b)
Start importing Assets/Scripts/Menues and UI Dialogs/AreYouSureDialog.cs using Guid(aa76929f2cebbe5488a3aaf1cf5de2ad) Importer(815301076,1909f56bfc062723c751e8b465ee728b)  -> (artifact id: '00000000000000000000000000000000') in 0.000409 seconds
  ERROR: Build asset version error: assets/scripts/menues and ui dialogs/areyousuredialog.cs in SourceAssetDB has modification time of '2021-08-01T20:56:57.9452303Z' while content on disk has modification time of '2021-08-01T20:58:59.7007455Z'
  Import took 0.003860 seconds .

========================================================================
Received Import Request.
  Time since last request: 0.033884 seconds.
  path: Assets/Scripts/Menues and UI Dialogs/AreYouSureDialog.cs
  artifactKey: Guid(aa76929f2cebbe5488a3aaf1cf5de2ad) Importer(815301076,1909f56bfc062723c751e8b465ee728b)
Start importing Assets/Scripts/Menues and UI Dialogs/AreYouSureDialog.cs using Guid(aa76929f2cebbe5488a3aaf1cf5de2ad) Importer(815301076,1909f56bfc062723c751e8b465ee728b)  -> (artifact id: '00000000000000000000000000000000') in 0.001457 seconds
  ERROR: Build asset version error: assets/scripts/menues and ui dialogs/areyousuredialog.cs in SourceAssetDB has modification time of '2021-08-01T20:56:57.9452303Z' while content on disk has modification time of '2021-08-01T20:58:59.7007455Z'
  Import took 0.005017 seconds .

========================================================================
Received Import Request.
  Time since last request: 0.035961 seconds.
  path: Assets/Scripts/Menues and UI Dialogs/AreYouSureDialog.cs
  artifactKey: Guid(aa76929f2cebbe5488a3aaf1cf5de2ad) Importer(815301076,1909f56bfc062723c751e8b465ee728b)
Start importing Assets/Scripts/Menues and UI Dialogs/AreYouSureDialog.cs using Guid(aa76929f2cebbe5488a3aaf1cf5de2ad) Importer(815301076,1909f56bfc062723c751e8b465ee728b)  -> (artifact id: '00000000000000000000000000000000') in 0.000753 seconds
  ERROR: Build asset version error: assets/scripts/menues and ui dialogs/areyousuredialog.cs in SourceAssetDB has modification time of '2021-08-01T20:56:57.9452303Z' while content on disk has modification time of '2021-08-01T20:58:59.7007455Z'
  Import took 0.004260 seconds .

========================================================================
Received Import Request.
  Time since last request: 0.030724 seconds.
  path: Assets/Scripts/Menues and UI Dialogs/AreYouSureDialog.cs
  artifactKey: Guid(aa76929f2cebbe5488a3aaf1cf5de2ad) Importer(815301076,1909f56bfc062723c751e8b465ee728b)
Start importing Assets/Scripts/Menues and UI Dialogs/AreYouSureDialog.cs using Guid(aa76929f2cebbe5488a3aaf1cf5de2ad) Importer(815301076,1909f56bfc062723c751e8b465ee728b)  -> (artifact id: '00000000000000000000000000000000') in 0.000938 seconds
  ERROR: Build asset version error: assets/scripts/menues and ui dialogs/areyousuredialog.cs in SourceAssetDB has modification time of '2021-08-01T20:56:57.9452303Z' while content on disk has modification time of '2021-08-01T20:58:59.7007455Z'
  Import took 0.004118 seconds .

========================================================================
Received Import Request.
  Time since last request: 0.033215 seconds.
  path: Assets/Scripts/Menues and UI Dialogs/AreYouSureDialog.cs
  artifactKey: Guid(aa76929f2cebbe5488a3aaf1cf5de2ad) Importer(815301076,1909f56bfc062723c751e8b465ee728b)
Start importing Assets/Scripts/Menues and UI Dialogs/AreYouSureDialog.cs using Guid(aa76929f2cebbe5488a3aaf1cf5de2ad) Importer(815301076,1909f56bfc062723c751e8b465ee728b)  -> (artifact id: '00000000000000000000000000000000') in 0.001009 seconds
  ERROR: Build asset version error: assets/scripts/menues and ui dialogs/areyousuredialog.cs in SourceAssetDB has modification time of '2021-08-01T20:56:57.9452303Z' while content on disk has modification time of '2021-08-01T20:58:59.7007455Z'
  Import took 0.003954 seconds .

========================================================================
Received Import Request.
  Time since last request: 0.030935 seconds.
  path: Assets/Scripts/Menues and UI Dialogs/AreYouSureDialog.cs
  artifactKey: Guid(aa76929f2cebbe5488a3aaf1cf5de2ad) Importer(815301076,1909f56bfc062723c751e8b465ee728b)
Start importing Assets/Scripts/Menues and UI Dialogs/AreYouSureDialog.cs using Guid(aa76929f2cebbe5488a3aaf1cf5de2ad) Importer(815301076,1909f56bfc062723c751e8b465ee728b)  -> (artifact id: '00000000000000000000000000000000') in 0.000375 seconds
  ERROR: Build asset version error: assets/scripts/menues and ui dialogs/areyousuredialog.cs in SourceAssetDB has modification time of '2021-08-01T20:56:57.9452303Z' while content on disk has modification time of '2021-08-01T20:58:59.7007455Z'
  Import took 0.003874 seconds .

========================================================================
Received Import Request.
  Time since last request: 0.030854 seconds.
  path: Assets/Scripts/Menues and UI Dialogs/AreYouSureDialog.cs
  artifactKey: Guid(aa76929f2cebbe5488a3aaf1cf5de2ad) Importer(815301076,1909f56bfc062723c751e8b465ee728b)
Start importing Assets/Scripts/Menues and UI Dialogs/AreYouSureDialog.cs using Guid(aa76929f2cebbe5488a3aaf1cf5de2ad) Importer(815301076,1909f56bfc062723c751e8b465ee728b)  -> (artifact id: '00000000000000000000000000000000') in 0.000766 seconds
  ERROR: Build asset version error: assets/scripts/menues and ui dialogs/areyousuredialog.cs in SourceAssetDB has modification time of '2021-08-01T20:56:57.9452303Z' while content on disk has modification time of '2021-08-01T20:58:59.7007455Z'
  Import took 0.003739 seconds .

========================================================================
Received Import Request.
  Time since last request: 0.030177 seconds.
  path: Assets/Scripts/Menues and UI Dialogs/AreYouSureDialog.cs
  artifactKey: Guid(aa76929f2cebbe5488a3aaf1cf5de2ad) Importer(815301076,1909f56bfc062723c751e8b465ee728b)
Start importing Assets/Scripts/Menues and UI Dialogs/AreYouSureDialog.cs using Guid(aa76929f2cebbe5488a3aaf1cf5de2ad) Importer(815301076,1909f56bfc062723c751e8b465ee728b)  -> (artifact id: '00000000000000000000000000000000') in 0.001130 seconds
  ERROR: Build asset version error: assets/scripts/menues and ui dialogs/areyousuredialog.cs in SourceAssetDB has modification time of '2021-08-01T20:56:57.9452303Z' while content on disk has modification time of '2021-08-01T20:58:59.7007455Z'
  Import took 0.004339 seconds .

========================================================================
Received Import Request.
  Time since last request: 0.032959 seconds.
  path: Assets/Scripts/Menues and UI Dialogs/AreYouSureDialog.cs
  artifactKey: Guid(aa76929f2cebbe5488a3aaf1cf5de2ad) Importer(815301076,1909f56bfc062723c751e8b465ee728b)
Start importing Assets/Scripts/Menues and UI Dialogs/AreYouSureDialog.cs using Guid(aa76929f2cebbe5488a3aaf1cf5de2ad) Importer(815301076,1909f56bfc062723c751e8b465ee728b)  -> (artifact id: '00000000000000000000000000000000') in 0.000365 seconds
  ERROR: Build asset version error: assets/scripts/menues and ui dialogs/areyousuredialog.cs in SourceAssetDB has modification time of '2021-08-01T20:56:57.9452303Z' while content on disk has modification time of '2021-08-01T20:58:59.7007455Z'
  Import took 0.003846 seconds .

========================================================================
Received Import Request.
  Time since last request: 0.030572 seconds.
  path: Assets/Scripts/Menues and UI Dialogs/AreYouSureDialog.cs
  artifactKey: Guid(aa76929f2cebbe5488a3aaf1cf5de2ad) Importer(815301076,1909f56bfc062723c751e8b465ee728b)
Start importing Assets/Scripts/Menues and UI Dialogs/AreYouSureDialog.cs using Guid(aa76929f2cebbe5488a3aaf1cf5de2ad) Importer(815301076,1909f56bfc062723c751e8b465ee728b)  -> (artifact id: '00000000000000000000000000000000') in 0.001040 seconds
  ERROR: Build asset version error: assets/scripts/menues and ui dialogs/areyousuredialog.cs in SourceAssetDB has modification time of '2021-08-01T20:56:57.9452303Z' while content on disk has modification time of '2021-08-01T20:58:59.7007455Z'
  Import took 0.004218 seconds .

========================================================================
Received Import Request.
  Time since last request: 0.029969 seconds.
  path: Assets/Scripts/Menues and UI Dialogs/AreYouSureDialog.cs
  artifactKey: Guid(aa76929f2cebbe5488a3aaf1cf5de2ad) Importer(815301076,1909f56bfc062723c751e8b465ee728b)
Start importing Assets/Scripts/Menues and UI Dialogs/AreYouSureDialog.cs using Guid(aa76929f2cebbe5488a3aaf1cf5de2ad) Importer(815301076,1909f56bfc062723c751e8b465ee728b)  -> (artifact id: '00000000000000000000000000000000') in 0.000415 seconds
  ERROR: Build asset version error: assets/scripts/menues and ui dialogs/areyousuredialog.cs in SourceAssetDB has modification time of '2021-08-01T20:56:57.9452303Z' while content on disk has modification time of '2021-08-01T20:58:59.7007455Z'
  Import took 0.003715 seconds .

========================================================================
Received Import Request.
  Time since last request: 0.030647 seconds.
  path: Assets/Scripts/Menues and UI Dialogs/AreYouSureDialog.cs
  artifactKey: Guid(aa76929f2cebbe5488a3aaf1cf5de2ad) Importer(815301076,1909f56bfc062723c751e8b465ee728b)
Start importing Assets/Scripts/Menues and UI Dialogs/AreYouSureDialog.cs using Guid(aa76929f2cebbe5488a3aaf1cf5de2ad) Importer(815301076,1909f56bfc062723c751e8b465ee728b)  -> (artifact id: '00000000000000000000000000000000') in 0.000400 seconds
  ERROR: Build asset version error: assets/scripts/menues and ui dialogs/areyousuredialog.cs in SourceAssetDB has modification time of '2021-08-01T20:56:57.9452303Z' while content on disk has modification time of '2021-08-01T20:58:59.7007455Z'
  Import took 0.003779 seconds .

========================================================================
Received Import Request.
  Time since last request: 0.033219 seconds.
  path: Assets/Scripts/Menues and UI Dialogs/AreYouSureDialog.cs
  artifactKey: Guid(aa76929f2cebbe5488a3aaf1cf5de2ad) Importer(815301076,1909f56bfc062723c751e8b465ee728b)
Start importing Assets/Scripts/Menues and UI Dialogs/AreYouSureDialog.cs using Guid(aa76929f2cebbe5488a3aaf1cf5de2ad) Importer(815301076,1909f56bfc062723c751e8b465ee728b)  -> (artifact id: '00000000000000000000000000000000') in 0.001764 seconds
  ERROR: Build asset version error: assets/scripts/menues and ui dialogs/areyousuredialog.cs in SourceAssetDB has modification time of '2021-08-01T20:56:57.9452303Z' while content on disk has modification time of '2021-08-01T20:58:59.7007455Z'
  Import took 0.005293 seconds .

========================================================================
Received Import Request.
  Time since last request: 0.047757 seconds.
  path: Assets/Scripts/Menues and UI Dialogs/AreYouSureDialog.cs
  artifactKey: Guid(aa76929f2cebbe5488a3aaf1cf5de2ad) Importer(815301076,1909f56bfc062723c751e8b465ee728b)
Start importing Assets/Scripts/Menues and UI Dialogs/AreYouSureDialog.cs using Guid(aa76929f2cebbe5488a3aaf1cf5de2ad) Importer(815301076,1909f56bfc062723c751e8b465ee728b)  -> (artifact id: '00000000000000000000000000000000') in 0.001067 seconds
  ERROR: Build asset version error: assets/scripts/menues and ui dialogs/areyousuredialog.cs in SourceAssetDB has modification time of '2021-08-01T20:56:57.9452303Z' while content on disk has modification time of '2021-08-01T20:58:59.7007455Z'
  Import took 0.005760 seconds .

========================================================================
Received Import Request.
  Time since last request: 0.041586 seconds.
  path: Assets/Scripts/Menues and UI Dialogs/AreYouSureDialog.cs
  artifactKey: Guid(aa76929f2cebbe5488a3aaf1cf5de2ad) Importer(815301076,1909f56bfc062723c751e8b465ee728b)
Start importing Assets/Scripts/Menues and UI Dialogs/AreYouSureDialog.cs using Guid(aa76929f2cebbe5488a3aaf1cf5de2ad) Importer(815301076,1909f56bfc062723c751e8b465ee728b)  -> (artifact id: '00000000000000000000000000000000') in 0.001055 seconds
  ERROR: Build asset version error: assets/scripts/menues and ui dialogs/areyousuredialog.cs in SourceAssetDB has modification time of '2021-08-01T20:56:57.9452303Z' while content on disk has modification time of '2021-08-01T20:58:59.7007455Z'
  Import took 0.004167 seconds .

========================================================================
Received Import Request.
  Time since last request: 0.030206 seconds.
  path: Assets/Scripts/Menues and UI Dialogs/AreYouSureDialog.cs
  artifactKey: Guid(aa76929f2cebbe5488a3aaf1cf5de2ad) Importer(815301076,1909f56bfc062723c751e8b465ee728b)
Start importing Assets/Scripts/Menues and UI Dialogs/AreYouSureDialog.cs using Guid(aa76929f2cebbe5488a3aaf1cf5de2ad) Importer(815301076,1909f56bfc062723c751e8b465ee728b)  -> (artifact id: '00000000000000000000000000000000') in 0.000402 seconds
  ERROR: Build asset version error: assets/scripts/menues and ui dialogs/areyousuredialog.cs in SourceAssetDB has modification time of '2021-08-01T20:56:57.9452303Z' while content on disk has modification time of '2021-08-01T20:58:59.7007455Z'
  Import took 0.003548 seconds .

========================================================================
Received Import Request.
  Time since last request: 0.029695 seconds.
  path: Assets/Scripts/Menues and UI Dialogs/AreYouSureDialog.cs
  artifactKey: Guid(aa76929f2cebbe5488a3aaf1cf5de2ad) Importer(815301076,1909f56bfc062723c751e8b465ee728b)
Start importing Assets/Scripts/Menues and UI Dialogs/AreYouSureDialog.cs using Guid(aa76929f2cebbe5488a3aaf1cf5de2ad) Importer(815301076,1909f56bfc062723c751e8b465ee728b)  -> (artifact id: '00000000000000000000000000000000') in 0.000363 seconds
  ERROR: Build asset version error: assets/scripts/menues and ui dialogs/areyousuredialog.cs in SourceAssetDB has modification time of '2021-08-01T20:56:57.9452303Z' while content on disk has modification time of '2021-08-01T20:58:59.7007455Z'
  Import took 0.004542 seconds .

========================================================================
Received Import Request.
  Time since last request: 0.032977 seconds.
  path: Assets/Scripts/Menues and UI Dialogs/AreYouSureDialog.cs
  artifactKey: Guid(aa76929f2cebbe5488a3aaf1cf5de2ad) Importer(815301076,1909f56bfc062723c751e8b465ee728b)
Start importing Assets/Scripts/Menues and UI Dialogs/AreYouSureDialog.cs using Guid(aa76929f2cebbe5488a3aaf1cf5de2ad) Importer(815301076,1909f56bfc062723c751e8b465ee728b)  -> (artifact id: '00000000000000000000000000000000') in 0.000460 seconds
  ERROR: Build asset version error: assets/scripts/menues and ui dialogs/areyousuredialog.cs in SourceAssetDB has modification time of '2021-08-01T20:56:57.9452303Z' while content on disk has modification time of '2021-08-01T20:58:59.7007455Z'
  Import took 0.004351 seconds .

========================================================================
Received Import Request.
  Time since last request: 0.038336 seconds.
  path: Assets/Scripts/Menues and UI Dialogs/AreYouSureDialog.cs
  artifactKey: Guid(aa76929f2cebbe5488a3aaf1cf5de2ad) Importer(815301076,1909f56bfc062723c751e8b465ee728b)
Start importing Assets/Scripts/Menues and UI Dialogs/AreYouSureDialog.cs using Guid(aa76929f2cebbe5488a3aaf1cf5de2ad) Importer(815301076,1909f56bfc062723c751e8b465ee728b)  -> (artifact id: '00000000000000000000000000000000') in 0.001247 seconds
  ERROR: Build asset version error: assets/scripts/menues and ui dialogs/areyousuredialog.cs in SourceAssetDB has modification time of '2021-08-01T20:56:57.9452303Z' while content on disk has modification time of '2021-08-01T20:58:59.7007455Z'
  Import took 0.004747 seconds .

========================================================================
Received Import Request.
  Time since last request: 0.035892 seconds.
  path: Assets/Scripts/Menues and UI Dialogs/AreYouSureDialog.cs
  artifactKey: Guid(aa76929f2cebbe5488a3aaf1cf5de2ad) Importer(815301076,1909f56bfc062723c751e8b465ee728b)
Start importing Assets/Scripts/Menues and UI Dialogs/AreYouSureDialog.cs using Guid(aa76929f2cebbe5488a3aaf1cf5de2ad) Importer(815301076,1909f56bfc062723c751e8b465ee728b)  -> (artifact id: '00000000000000000000000000000000') in 0.001043 seconds
  ERROR: Build asset version error: assets/scripts/menues and ui dialogs/areyousuredialog.cs in SourceAssetDB has modification time of '2021-08-01T20:56:57.9452303Z' while content on disk has modification time of '2021-08-01T20:58:59.7007455Z'
  Import took 0.004688 seconds .

========================================================================
Received Import Request.
  Time since last request: 0.030505 seconds.
  path: Assets/Scripts/Menues and UI Dialogs/AreYouSureDialog.cs
  artifactKey: Guid(aa76929f2cebbe5488a3aaf1cf5de2ad) Importer(815301076,1909f56bfc062723c751e8b465ee728b)
Start importing Assets/Scripts/Menues and UI Dialogs/AreYouSureDialog.cs using Guid(aa76929f2cebbe5488a3aaf1cf5de2ad) Importer(815301076,1909f56bfc062723c751e8b465ee728b)  -> (artifact id: '00000000000000000000000000000000') in 0.001799 seconds
  ERROR: Build asset version error: assets/scripts/menues and ui dialogs/areyousuredialog.cs in SourceAssetDB has modification time of '2021-08-01T20:56:57.9452303Z' while content on disk has modification time of '2021-08-01T20:58:59.7007455Z'
  Import took 0.005126 seconds .

========================================================================
Received Import Request.
  Time since last request: 0.029393 seconds.
  path: Assets/Scripts/Menues and UI Dialogs/AreYouSureDialog.cs
  artifactKey: Guid(aa76929f2cebbe5488a3aaf1cf5de2ad) Importer(815301076,1909f56bfc062723c751e8b465ee728b)
Start importing Assets/Scripts/Menues and UI Dialogs/AreYouSureDialog.cs using Guid(aa76929f2cebbe5488a3aaf1cf5de2ad) Importer(815301076,1909f56bfc062723c751e8b465ee728b)  -> (artifact id: '00000000000000000000000000000000') in 0.000357 seconds
  ERROR: Build asset version error: assets/scripts/menues and ui dialogs/areyousuredialog.cs in SourceAssetDB has modification time of '2021-08-01T20:56:57.9452303Z' while content on disk has modification time of '2021-08-01T20:58:59.7007455Z'
  Import took 0.003551 seconds .

========================================================================
Received Import Request.
  Time since last request: 0.029519 seconds.
  path: Assets/Scripts/Menues and UI Dialogs/AreYouSureDialog.cs
  artifactKey: Guid(aa76929f2cebbe5488a3aaf1cf5de2ad) Importer(815301076,1909f56bfc062723c751e8b465ee728b)
Start importing Assets/Scripts/Menues and UI Dialogs/AreYouSureDialog.cs using Guid(aa76929f2cebbe5488a3aaf1cf5de2ad) Importer(815301076,1909f56bfc062723c751e8b465ee728b)  -> (artifact id: '00000000000000000000000000000000') in 0.000371 seconds
  ERROR: Build asset version error: assets/scripts/menues and ui dialogs/areyousuredialog.cs in SourceAssetDB has modification time of '2021-08-01T20:56:57.9452303Z' while content on disk has modification time of '2021-08-01T20:58:59.7007455Z'
  Import took 0.004071 seconds .

========================================================================
Received Import Request.
  Time since last request: 0.033487 seconds.
  path: Assets/Scripts/Menues and UI Dialogs/AreYouSureDialog.cs
  artifactKey: Guid(aa76929f2cebbe5488a3aaf1cf5de2ad) Importer(815301076,1909f56bfc062723c751e8b465ee728b)
Start importing Assets/Scripts/Menues and UI Dialogs/AreYouSureDialog.cs using Guid(aa76929f2cebbe5488a3aaf1cf5de2ad) Importer(815301076,1909f56bfc062723c751e8b465ee728b)  -> (artifact id: '00000000000000000000000000000000') in 0.000505 seconds
  ERROR: Build asset version error: assets/scripts/menues and ui dialogs/areyousuredialog.cs in SourceAssetDB has modification time of '2021-08-01T20:56:57.9452303Z' while content on disk has modification time of '2021-08-01T20:58:59.7007455Z'
  Import took 0.003664 seconds .

========================================================================
Received Import Request.
  Time since last request: 0.038003 seconds.
  path: Assets/Scripts/Menues and UI Dialogs/AreYouSureDialog.cs
  artifactKey: Guid(aa76929f2cebbe5488a3aaf1cf5de2ad) Importer(815301076,1909f56bfc062723c751e8b465ee728b)
Start importing Assets/Scripts/Menues and UI Dialogs/AreYouSureDialog.cs using Guid(aa76929f2cebbe5488a3aaf1cf5de2ad) Importer(815301076,1909f56bfc062723c751e8b465ee728b)  -> (artifact id: '00000000000000000000000000000000') in 0.000360 seconds
  ERROR: Build asset version error: assets/scripts/menues and ui dialogs/areyousuredialog.cs in SourceAssetDB has modification time of '2021-08-01T20:56:57.9452303Z' while content on disk has modification time of '2021-08-01T20:58:59.7007455Z'
  Import took 0.004154 seconds .

========================================================================
Received Import Request.
  Time since last request: 0.032611 seconds.
  path: Assets/Scripts/Menues and UI Dialogs/AreYouSureDialog.cs
  artifactKey: Guid(aa76929f2cebbe5488a3aaf1cf5de2ad) Importer(815301076,1909f56bfc062723c751e8b465ee728b)
Start importing Assets/Scripts/Menues and UI Dialogs/AreYouSureDialog.cs using Guid(aa76929f2cebbe5488a3aaf1cf5de2ad) Importer(815301076,1909f56bfc062723c751e8b465ee728b)  -> (artifact id: '00000000000000000000000000000000') in 0.000387 seconds
  ERROR: Build asset version error: assets/scripts/menues and ui dialogs/areyousuredialog.cs in SourceAssetDB has modification time of '2021-08-01T20:56:57.9452303Z' while content on disk has modification time of '2021-08-01T20:58:59.7007455Z'
  Import took 0.011186 seconds .

========================================================================
Received Import Request.
  Time since last request: 0.048389 seconds.
  path: Assets/Scripts/Menues and UI Dialogs/AreYouSureDialog.cs
  artifactKey: Guid(aa76929f2cebbe5488a3aaf1cf5de2ad) Importer(815301076,1909f56bfc062723c751e8b465ee728b)
Start importing Assets/Scripts/Menues and UI Dialogs/AreYouSureDialog.cs using Guid(aa76929f2cebbe5488a3aaf1cf5de2ad) Importer(815301076,1909f56bfc062723c751e8b465ee728b)  -> (artifact id: '00000000000000000000000000000000') in 0.000344 seconds
  ERROR: Build asset version error: assets/scripts/menues and ui dialogs/areyousuredialog.cs in SourceAssetDB has modification time of '2021-08-01T20:56:57.9452303Z' while content on disk has modification time of '2021-08-01T20:58:59.7007455Z'
  Import took 0.011158 seconds .

========================================================================
Received Import Request.
  Time since last request: 0.037618 seconds.
  path: Assets/Scripts/Menues and UI Dialogs/AreYouSureDialog.cs
  artifactKey: Guid(aa76929f2cebbe5488a3aaf1cf5de2ad) Importer(815301076,1909f56bfc062723c751e8b465ee728b)
Start importing Assets/Scripts/Menues and UI Dialogs/AreYouSureDialog.cs using Guid(aa76929f2cebbe5488a3aaf1cf5de2ad) Importer(815301076,1909f56bfc062723c751e8b465ee728b)  -> (artifact id: '00000000000000000000000000000000') in 0.000576 seconds
  ERROR: Build asset version error: assets/scripts/menues and ui dialogs/areyousuredialog.cs in SourceAssetDB has modification time of '2021-08-01T20:56:57.9452303Z' while content on disk has modification time of '2021-08-01T20:58:59.7007455Z'
  Import took 0.005146 seconds .

========================================================================
Received Import Request.
  Time since last request: 0.036612 seconds.
  path: Assets/Scripts/Menues and UI Dialogs/AreYouSureDialog.cs
  artifactKey: Guid(aa76929f2cebbe5488a3aaf1cf5de2ad) Importer(815301076,1909f56bfc062723c751e8b465ee728b)
Start importing Assets/Scripts/Menues and UI Dialogs/AreYouSureDialog.cs using Guid(aa76929f2cebbe5488a3aaf1cf5de2ad) Importer(815301076,1909f56bfc062723c751e8b465ee728b)  -> (artifact id: '00000000000000000000000000000000') in 0.000373 seconds
  ERROR: Build asset version error: assets/scripts/menues and ui dialogs/areyousuredialog.cs in SourceAssetDB has modification time of '2021-08-01T20:56:57.9452303Z' while content on disk has modification time of '2021-08-01T20:58:59.7007455Z'
  Import took 0.003585 seconds .

========================================================================
Received Import Request.
  Time since last request: 0.049302 seconds.
  path: Assets/Scripts/Menues and UI Dialogs/AreYouSureDialog.cs
  artifactKey: Guid(aa76929f2cebbe5488a3aaf1cf5de2ad) Importer(815301076,1909f56bfc062723c751e8b465ee728b)
Start importing Assets/Scripts/Menues and UI Dialogs/AreYouSureDialog.cs using Guid(aa76929f2cebbe5488a3aaf1cf5de2ad) Importer(815301076,1909f56bfc062723c751e8b465ee728b)  -> (artifact id: '00000000000000000000000000000000') in 0.000582 seconds
  ERROR: Build asset version error: assets/scripts/menues and ui dialogs/areyousuredialog.cs in SourceAssetDB has modification time of '2021-08-01T20:56:57.9452303Z' while content on disk has modification time of '2021-08-01T20:58:59.7007455Z'
  Import took 0.006491 seconds .

========================================================================
Received Import Request.
  Time since last request: 0.043115 seconds.
  path: Assets/Scripts/Menues and UI Dialogs/AreYouSureDialog.cs
  artifactKey: Guid(aa76929f2cebbe5488a3aaf1cf5de2ad) Importer(815301076,1909f56bfc062723c751e8b465ee728b)
Start importing Assets/Scripts/Menues and UI Dialogs/AreYouSureDialog.cs using Guid(aa76929f2cebbe5488a3aaf1cf5de2ad) Importer(815301076,1909f56bfc062723c751e8b465ee728b)  -> (artifact id: '00000000000000000000000000000000') in 0.001184 seconds
  ERROR: Build asset version error: assets/scripts/menues and ui dialogs/areyousuredialog.cs in SourceAssetDB has modification time of '2021-08-01T20:56:57.9452303Z' while content on disk has modification time of '2021-08-01T20:58:59.7007455Z'
  Import took 0.004492 seconds .

========================================================================
Received Import Request.
  Time since last request: 0.038586 seconds.
  path: Assets/Scripts/Menues and UI Dialogs/AreYouSureDialog.cs
  artifactKey: Guid(aa76929f2cebbe5488a3aaf1cf5de2ad) Importer(815301076,1909f56bfc062723c751e8b465ee728b)
Start importing Assets/Scripts/Menues and UI Dialogs/AreYouSureDialog.cs using Guid(aa76929f2cebbe5488a3aaf1cf5de2ad) Importer(815301076,1909f56bfc062723c751e8b465ee728b)  -> (artifact id: '00000000000000000000000000000000') in 0.000988 seconds
  ERROR: Build asset version error: assets/scripts/menues and ui dialogs/areyousuredialog.cs in SourceAssetDB has modification time of '2021-08-01T20:56:57.9452303Z' while content on disk has modification time of '2021-08-01T20:58:59.7007455Z'
  Import took 0.005524 seconds .

========================================================================
Received Import Request.
  Time since last request: 0.039457 seconds.
  path: Assets/Scripts/Menues and UI Dialogs/AreYouSureDialog.cs
  artifactKey: Guid(aa76929f2cebbe5488a3aaf1cf5de2ad) Importer(815301076,1909f56bfc062723c751e8b465ee728b)
Start importing Assets/Scripts/Menues and UI Dialogs/AreYouSureDialog.cs using Guid(aa76929f2cebbe5488a3aaf1cf5de2ad) Importer(815301076,1909f56bfc062723c751e8b465ee728b)  -> (artifact id: '00000000000000000000000000000000') in 0.001416 seconds
  ERROR: Build asset version error: assets/scripts/menues and ui dialogs/areyousuredialog.cs in SourceAssetDB has modification time of '2021-08-01T20:56:57.9452303Z' while content on disk has modification time of '2021-08-01T20:58:59.7007455Z'
  Import took 0.008249 seconds .

========================================================================
Received Import Request.
  Time since last request: 0.040134 seconds.
  path: Assets/Scripts/Menues and UI Dialogs/AreYouSureDialog.cs
  artifactKey: Guid(aa76929f2cebbe5488a3aaf1cf5de2ad) Importer(815301076,1909f56bfc062723c751e8b465ee728b)
Start importing Assets/Scripts/Menues and UI Dialogs/AreYouSureDialog.cs using Guid(aa76929f2cebbe5488a3aaf1cf5de2ad) Importer(815301076,1909f56bfc062723c751e8b465ee728b)  -> (artifact id: '00000000000000000000000000000000') in 0.000413 seconds
  ERROR: Build asset version error: assets/scripts/menues and ui dialogs/areyousuredialog.cs in SourceAssetDB has modification time of '2021-08-01T20:56:57.9452303Z' while content on disk has modification time of '2021-08-01T20:58:59.7007455Z'
  Import took 0.007234 seconds .

========================================================================
Received Import Request.
  Time since last request: 0.047383 seconds.
  path: Assets/Scripts/Menues and UI Dialogs/AreYouSureDialog.cs
  artifactKey: Guid(aa76929f2cebbe5488a3aaf1cf5de2ad) Importer(815301076,1909f56bfc062723c751e8b465ee728b)
Start importing Assets/Scripts/Menues and UI Dialogs/AreYouSureDialog.cs using Guid(aa76929f2cebbe5488a3aaf1cf5de2ad) Importer(815301076,1909f56bfc062723c751e8b465ee728b)  -> (artifact id: '00000000000000000000000000000000') in 0.000431 seconds
  ERROR: Build asset version error: assets/scripts/menues and ui dialogs/areyousuredialog.cs in SourceAssetDB has modification time of '2021-08-01T20:56:57.9452303Z' while content on disk has modification time of '2021-08-01T20:58:59.7007455Z'
  Import took 0.005275 seconds .

========================================================================
Received Import Request.
  Time since last request: 0.044542 seconds.
  path: Assets/Scripts/Menues and UI Dialogs/AreYouSureDialog.cs
  artifactKey: Guid(aa76929f2cebbe5488a3aaf1cf5de2ad) Importer(815301076,1909f56bfc062723c751e8b465ee728b)
Start importing Assets/Scripts/Menues and UI Dialogs/AreYouSureDialog.cs using Guid(aa76929f2cebbe5488a3aaf1cf5de2ad) Importer(815301076,1909f56bfc062723c751e8b465ee728b)  -> (artifact id: '00000000000000000000000000000000') in 0.000674 seconds
  ERROR: Build asset version error: assets/scripts/menues and ui dialogs/areyousuredialog.cs in SourceAssetDB has modification time of '2021-08-01T20:56:57.9452303Z' while content on disk has modification time of '2021-08-01T20:58:59.7007455Z'
  Import took 0.006077 seconds .

========================================================================
Received Import Request.
  Time since last request: 0.041046 seconds.
  path: Assets/Scripts/Menues and UI Dialogs/AreYouSureDialog.cs
  artifactKey: Guid(aa76929f2cebbe5488a3aaf1cf5de2ad) Importer(815301076,1909f56bfc062723c751e8b465ee728b)
Start importing Assets/Scripts/Menues and UI Dialogs/AreYouSureDialog.cs using Guid(aa76929f2cebbe5488a3aaf1cf5de2ad) Importer(815301076,1909f56bfc062723c751e8b465ee728b)  -> (artifact id: '00000000000000000000000000000000') in 0.000517 seconds
  ERROR: Build asset version error: assets/scripts/menues and ui dialogs/areyousuredialog.cs in SourceAssetDB has modification time of '2021-08-01T20:56:57.9452303Z' while content on disk has modification time of '2021-08-01T20:58:59.7007455Z'
  Import took 0.008818 seconds .

========================================================================
Received Import Request.
  Time since last request: 0.035900 seconds.
  path: Assets/Scripts/Menues and UI Dialogs/AreYouSureDialog.cs
  artifactKey: Guid(aa76929f2cebbe5488a3aaf1cf5de2ad) Importer(815301076,1909f56bfc062723c751e8b465ee728b)
Start importing Assets/Scripts/Menues and UI Dialogs/AreYouSureDialog.cs using Guid(aa76929f2cebbe5488a3aaf1cf5de2ad) Importer(815301076,1909f56bfc062723c751e8b465ee728b)  -> (artifact id: '00000000000000000000000000000000') in 0.000799 seconds
  ERROR: Build asset version error: assets/scripts/menues and ui dialogs/areyousuredialog.cs in SourceAssetDB has modification time of '2021-08-01T20:56:57.9452303Z' while content on disk has modification time of '2021-08-01T20:58:59.7007455Z'
  Import took 0.004756 seconds .

========================================================================
Received Import Request.
  Time since last request: 0.035717 seconds.
  path: Assets/Scripts/Menues and UI Dialogs/AreYouSureDialog.cs
  artifactKey: Guid(aa76929f2cebbe5488a3aaf1cf5de2ad) Importer(815301076,1909f56bfc062723c751e8b465ee728b)
Start importing Assets/Scripts/Menues and UI Dialogs/AreYouSureDialog.cs using Guid(aa76929f2cebbe5488a3aaf1cf5de2ad) Importer(815301076,1909f56bfc062723c751e8b465ee728b)  -> (artifact id: '00000000000000000000000000000000') in 0.001056 seconds
  ERROR: Build asset version error: assets/scripts/menues and ui dialogs/areyousuredialog.cs in SourceAssetDB has modification time of '2021-08-01T20:56:57.9452303Z' while content on disk has modification time of '2021-08-01T20:58:59.7007455Z'
  Import took 0.004594 seconds .

========================================================================
Received Import Request.
  Time since last request: 0.044974 seconds.
  path: Assets/Scripts/Menues and UI Dialogs/AreYouSureDialog.cs
  artifactKey: Guid(aa76929f2cebbe5488a3aaf1cf5de2ad) Importer(815301076,1909f56bfc062723c751e8b465ee728b)
Start importing Assets/Scripts/Menues and UI Dialogs/AreYouSureDialog.cs using Guid(aa76929f2cebbe5488a3aaf1cf5de2ad) Importer(815301076,1909f56bfc062723c751e8b465ee728b)  -> (artifact id: '00000000000000000000000000000000') in 0.000289 seconds
  ERROR: Build asset version error: assets/scripts/menues and ui dialogs/areyousuredialog.cs in SourceAssetDB has modification time of '2021-08-01T20:56:57.9452303Z' while content on disk has modification time of '2021-08-01T20:58:59.7007455Z'
  Import took 0.003115 seconds .

========================================================================
Received Import Request.
  Time since last request: 0.041585 seconds.
  path: Assets/Scripts/Menues and UI Dialogs/AreYouSureDialog.cs
  artifactKey: Guid(aa76929f2cebbe5488a3aaf1cf5de2ad) Importer(815301076,1909f56bfc062723c751e8b465ee728b)
Start importing Assets/Scripts/Menues and UI Dialogs/AreYouSureDialog.cs using Guid(aa76929f2cebbe5488a3aaf1cf5de2ad) Importer(815301076,1909f56bfc062723c751e8b465ee728b)  -> (artifact id: '00000000000000000000000000000000') in 0.001388 seconds
  ERROR: Build asset version error: assets/scripts/menues and ui dialogs/areyousuredialog.cs in SourceAssetDB has modification time of '2021-08-01T20:56:57.9452303Z' while content on disk has modification time of '2021-08-01T20:58:59.7007455Z'
  Import took 0.005878 seconds .

========================================================================
Received Import Request.
  Time since last request: 0.054335 seconds.
  path: Assets/Scripts/Menues and UI Dialogs/AreYouSureDialog.cs
  artifactKey: Guid(aa76929f2cebbe5488a3aaf1cf5de2ad) Importer(815301076,1909f56bfc062723c751e8b465ee728b)
Start importing Assets/Scripts/Menues and UI Dialogs/AreYouSureDialog.cs using Guid(aa76929f2cebbe5488a3aaf1cf5de2ad) Importer(815301076,1909f56bfc062723c751e8b465ee728b)  -> (artifact id: '00000000000000000000000000000000') in 0.000412 seconds
  ERROR: Build asset version error: assets/scripts/menues and ui dialogs/areyousuredialog.cs in SourceAssetDB has modification time of '2021-08-01T20:56:57.9452303Z' while content on disk has modification time of '2021-08-01T20:58:59.7007455Z'
  Import took 0.003945 seconds .

========================================================================
Received Import Request.
  Time since last request: 0.032086 seconds.
  path: Assets/Scripts/Menues and UI Dialogs/AreYouSureDialog.cs
  artifactKey: Guid(aa76929f2cebbe5488a3aaf1cf5de2ad) Importer(815301076,1909f56bfc062723c751e8b465ee728b)
Start importing Assets/Scripts/Menues and UI Dialogs/AreYouSureDialog.cs using Guid(aa76929f2cebbe5488a3aaf1cf5de2ad) Importer(815301076,1909f56bfc062723c751e8b465ee728b)  -> (artifact id: '00000000000000000000000000000000') in 0.001037 seconds
  ERROR: Build asset version error: assets/scripts/menues and ui dialogs/areyousuredialog.cs in SourceAssetDB has modification time of '2021-08-01T20:56:57.9452303Z' while content on disk has modification time of '2021-08-01T20:58:59.7007455Z'
  Import took 0.005140 seconds .

========================================================================
Received Import Request.
  Time since last request: 0.055286 seconds.
  path: Assets/Scripts/Menues and UI Dialogs/AreYouSureDialog.cs
  artifactKey: Guid(aa76929f2cebbe5488a3aaf1cf5de2ad) Importer(815301076,1909f56bfc062723c751e8b465ee728b)
Start importing Assets/Scripts/Menues and UI Dialogs/AreYouSureDialog.cs using Guid(aa76929f2cebbe5488a3aaf1cf5de2ad) Importer(815301076,1909f56bfc062723c751e8b465ee728b)  -> (artifact id: '00000000000000000000000000000000') in 0.001138 seconds
  ERROR: Build asset version error: assets/scripts/menues and ui dialogs/areyousuredialog.cs in SourceAssetDB has modification time of '2021-08-01T20:56:57.9452303Z' while content on disk has modification time of '2021-08-01T20:58:59.7007455Z'
  Import took 0.006320 seconds .

========================================================================
Received Import Request.
  Time since last request: 0.049643 seconds.
  path: Assets/Scripts/Menues and UI Dialogs/AreYouSureDialog.cs
  artifactKey: Guid(aa76929f2cebbe5488a3aaf1cf5de2ad) Importer(815301076,1909f56bfc062723c751e8b465ee728b)
Start importing Assets/Scripts/Menues and UI Dialogs/AreYouSureDialog.cs using Guid(aa76929f2cebbe5488a3aaf1cf5de2ad) Importer(815301076,1909f56bfc062723c751e8b465ee728b)  -> (artifact id: '00000000000000000000000000000000') in 0.001590 seconds
  ERROR: Build asset version error: assets/scripts/menues and ui dialogs/areyousuredialog.cs in SourceAssetDB has modification time of '2021-08-01T20:56:57.9452303Z' while content on disk has modification time of '2021-08-01T20:58:59.7007455Z'
  Import took 0.005308 seconds .

========================================================================
Received Import Request.
  Time since last request: 0.061520 seconds.
  path: Assets/Scripts/Menues and UI Dialogs/AreYouSureDialog.cs
  artifactKey: Guid(aa76929f2cebbe5488a3aaf1cf5de2ad) Importer(815301076,1909f56bfc062723c751e8b465ee728b)
Start importing Assets/Scripts/Menues and UI Dialogs/AreYouSureDialog.cs using Guid(aa76929f2cebbe5488a3aaf1cf5de2ad) Importer(815301076,1909f56bfc062723c751e8b465ee728b)  -> (artifact id: '00000000000000000000000000000000') in 0.006559 seconds
  ERROR: Build asset version error: assets/scripts/menues and ui dialogs/areyousuredialog.cs in SourceAssetDB has modification time of '2021-08-01T20:56:57.9452303Z' while content on disk has modification time of '2021-08-01T20:58:59.7007455Z'
  Import took 0.011680 seconds .

========================================================================
Received Import Request.
  Time since last request: 0.143867 seconds.
  path: Assets/Scripts/Menues and UI Dialogs/AreYouSureDialog.cs
  artifactKey: Guid(aa76929f2cebbe5488a3aaf1cf5de2ad) Importer(815301076,1909f56bfc062723c751e8b465ee728b)
Start importing Assets/Scripts/Menues and UI Dialogs/AreYouSureDialog.cs using Guid(aa76929f2cebbe5488a3aaf1cf5de2ad) Importer(815301076,1909f56bfc062723c751e8b465ee728b)  -> (artifact id: '00000000000000000000000000000000') in 0.000604 seconds
  ERROR: Build asset version error: assets/scripts/menues and ui dialogs/areyousuredialog.cs in SourceAssetDB has modification time of '2021-08-01T20:56:57.9452303Z' while content on disk has modification time of '2021-08-01T20:58:59.7007455Z'
  Import took 0.006001 seconds .

========================================================================
Received Import Request.
  Time since last request: 0.065374 seconds.
  path: Assets/Scripts/Menues and UI Dialogs/AreYouSureDialog.cs
  artifactKey: Guid(aa76929f2cebbe5488a3aaf1cf5de2ad) Importer(815301076,1909f56bfc062723c751e8b465ee728b)
Start importing Assets/Scripts/Menues and UI Dialogs/AreYouSureDialog.cs using Guid(aa76929f2cebbe5488a3aaf1cf5de2ad) Importer(815301076,1909f56bfc062723c751e8b465ee728b)  -> (artifact id: '00000000000000000000000000000000') in 0.000471 seconds
  ERROR: Build asset version error: assets/scripts/menues and ui dialogs/areyousuredialog.cs in SourceAssetDB has modification time of '2021-08-01T20:56:57.9452303Z' while content on disk has modification time of '2021-08-01T20:58:59.7007455Z'
  Import took 0.008330 seconds .

========================================================================
Received Import Request.
  Time since last request: 0.079311 seconds.
  path: Assets/Scripts/Menues and UI Dialogs/AreYouSureDialog.cs
  artifactKey: Guid(aa76929f2cebbe5488a3aaf1cf5de2ad) Importer(815301076,1909f56bfc062723c751e8b465ee728b)
Start importing Assets/Scripts/Menues and UI Dialogs/AreYouSureDialog.cs using Guid(aa76929f2cebbe5488a3aaf1cf5de2ad) Importer(815301076,1909f56bfc062723c751e8b465ee728b)  -> (artifact id: '00000000000000000000000000000000') in 0.000368 seconds
  ERROR: Build asset version error: assets/scripts/menues and ui dialogs/areyousuredialog.cs in SourceAssetDB has modification time of '2021-08-01T20:56:57.9452303Z' while content on disk has modification time of '2021-08-01T20:58:59.7007455Z'
  Import took 0.003986 seconds .

========================================================================
Received Import Request.
  Time since last request: 0.165158 seconds.
  path: Assets/Scripts/Menues and UI Dialogs/AreYouSureDialog.cs
  artifactKey: Guid(aa76929f2cebbe5488a3aaf1cf5de2ad) Importer(815301076,1909f56bfc062723c751e8b465ee728b)
Start importing Assets/Scripts/Menues and UI Dialogs/AreYouSureDialog.cs using Guid(aa76929f2cebbe5488a3aaf1cf5de2ad) Importer(815301076,1909f56bfc062723c751e8b465ee728b)  -> (artifact id: '00000000000000000000000000000000') in 0.000388 seconds
  ERROR: Build asset version error: assets/scripts/menues and ui dialogs/areyousuredialog.cs in SourceAssetDB has modification time of '2021-08-01T20:56:57.9452303Z' while content on disk has modification time of '2021-08-01T20:58:59.7007455Z'
  Import took 0.006369 seconds .

========================================================================
Received Import Request.
  Time since last request: 0.171025 seconds.
  path: Assets/Scripts/Menues and UI Dialogs/AreYouSureDialog.cs
  artifactKey: Guid(aa76929f2cebbe5488a3aaf1cf5de2ad) Importer(815301076,1909f56bfc062723c751e8b465ee728b)
Start importing Assets/Scripts/Menues and UI Dialogs/AreYouSureDialog.cs using Guid(aa76929f2cebbe5488a3aaf1cf5de2ad) Importer(815301076,1909f56bfc062723c751e8b465ee728b)  -> (artifact id: '00000000000000000000000000000000') in 0.000559 seconds
  ERROR: Build asset version error: assets/scripts/menues and ui dialogs/areyousuredialog.cs in SourceAssetDB has modification time of '2021-08-01T20:56:57.9452303Z' while content on disk has modification time of '2021-08-01T20:58:59.7007455Z'
  Import took 0.041453 seconds .

========================================================================
Received Import Request.
  Time since last request: 0.124704 seconds.
  path: Assets/Scripts/Menues and UI Dialogs/AreYouSureDialog.cs
  artifactKey: Guid(aa76929f2cebbe5488a3aaf1cf5de2ad) Importer(815301076,1909f56bfc062723c751e8b465ee728b)
Start importing Assets/Scripts/Menues and UI Dialogs/AreYouSureDialog.cs using Guid(aa76929f2cebbe5488a3aaf1cf5de2ad) Importer(815301076,1909f56bfc062723c751e8b465ee728b)  -> (artifact id: '00000000000000000000000000000000') in 0.000433 seconds
  ERROR: Build asset version error: assets/scripts/menues and ui dialogs/areyousuredialog.cs in SourceAssetDB has modification time of '2021-08-01T20:56:57.9452303Z' while content on disk has modification time of '2021-08-01T20:58:59.7007455Z'
  Import took 0.005578 seconds .

========================================================================
Received Import Request.
  Time since last request: 0.143471 seconds.
  path: Assets/Scripts/Menues and UI Dialogs/AreYouSureDialog.cs
  artifactKey: Guid(aa76929f2cebbe5488a3aaf1cf5de2ad) Importer(815301076,1909f56bfc062723c751e8b465ee728b)
Start importing Assets/Scripts/Menues and UI Dialogs/AreYouSureDialog.cs using Guid(aa76929f2cebbe5488a3aaf1cf5de2ad) Importer(815301076,1909f56bfc062723c751e8b465ee728b)  -> (artifact id: '00000000000000000000000000000000') in 0.000456 seconds
  ERROR: Build asset version error: assets/scripts/menues and ui dialogs/areyousuredialog.cs in SourceAssetDB has modification time of '2021-08-01T20:56:57.9452303Z' while content on disk has modification time of '2021-08-01T20:58:59.7007455Z'
  Import took 0.007469 seconds .

========================================================================
Received Import Request.
  Time since last request: 0.057028 seconds.
  path: Assets/Scripts/Menues and UI Dialogs/AreYouSureDialog.cs
  artifactKey: Guid(aa76929f2cebbe5488a3aaf1cf5de2ad) Importer(815301076,1909f56bfc062723c751e8b465ee728b)
Start importing Assets/Scripts/Menues and UI Dialogs/AreYouSureDialog.cs using Guid(aa76929f2cebbe5488a3aaf1cf5de2ad) Importer(815301076,1909f56bfc062723c751e8b465ee728b)  -> (artifact id: '00000000000000000000000000000000') in 0.000628 seconds
  ERROR: Build asset version error: assets/scripts/menues and ui dialogs/areyousuredialog.cs in SourceAssetDB has modification time of '2021-08-01T20:56:57.9452303Z' while content on disk has modification time of '2021-08-01T20:58:59.7007455Z'
  Import took 0.019166 seconds .

========================================================================
Received Import Request.
  Time since last request: 0.131439 seconds.
  path: Assets/Scripts/Menues and UI Dialogs/AreYouSureDialog.cs
  artifactKey: Guid(aa76929f2cebbe5488a3aaf1cf5de2ad) Importer(815301076,1909f56bfc062723c751e8b465ee728b)
Start importing Assets/Scripts/Menues and UI Dialogs/AreYouSureDialog.cs using Guid(aa76929f2cebbe5488a3aaf1cf5de2ad) Importer(815301076,1909f56bfc062723c751e8b465ee728b)  -> (artifact id: '00000000000000000000000000000000') in 0.004654 seconds
  ERROR: Build asset version error: assets/scripts/menues and ui dialogs/areyousuredialog.cs in SourceAssetDB has modification time of '2021-08-01T20:56:57.9452303Z' while content on disk has modification time of '2021-08-01T20:58:59.7007455Z'
  Import took 0.009259 seconds .

========================================================================
Received Import Request.
  Time since last request: 0.044996 seconds.
  path: Assets/Scripts/Menues and UI Dialogs/AreYouSureDialog.cs
  artifactKey: Guid(aa76929f2cebbe5488a3aaf1cf5de2ad) Importer(815301076,1909f56bfc062723c751e8b465ee728b)
Start importing Assets/Scripts/Menues and UI Dialogs/AreYouSureDialog.cs using Guid(aa76929f2cebbe5488a3aaf1cf5de2ad) Importer(815301076,1909f56bfc062723c751e8b465ee728b)  -> (artifact id: '00000000000000000000000000000000') in 0.000434 seconds
  ERROR: Build asset version error: assets/scripts/menues and ui dialogs/areyousuredialog.cs in SourceAssetDB has modification time of '2021-08-01T20:56:57.9452303Z' while content on disk has modification time of '2021-08-01T20:58:59.7007455Z'
  Import took 0.012877 seconds .

========================================================================
Received Import Request.
  Time since last request: 0.133656 seconds.
  path: Assets/Scripts/Menues and UI Dialogs/AreYouSureDialog.cs
  artifactKey: Guid(aa76929f2cebbe5488a3aaf1cf5de2ad) Importer(815301076,1909f56bfc062723c751e8b465ee728b)
Start importing Assets/Scripts/Menues and UI Dialogs/AreYouSureDialog.cs using Guid(aa76929f2cebbe5488a3aaf1cf5de2ad) Importer(815301076,1909f56bfc062723c751e8b465ee728b)  -> (artifact id: '00000000000000000000000000000000') in 0.000462 seconds
  ERROR: Build asset version error: assets/scripts/menues and ui dialogs/areyousuredialog.cs in SourceAssetDB has modification time of '2021-08-01T20:56:57.9452303Z' while content on disk has modification time of '2021-08-01T20:58:59.7007455Z'
  Import took 0.003695 seconds .

========================================================================
Received Import Request.
  Time since last request: 0.042039 seconds.
  path: Assets/Scripts/Menues and UI Dialogs/AreYouSureDialog.cs
  artifactKey: Guid(aa76929f2cebbe5488a3aaf1cf5de2ad) Importer(815301076,1909f56bfc062723c751e8b465ee728b)
Start importing Assets/Scripts/Menues and UI Dialogs/AreYouSureDialog.cs using Guid(aa76929f2cebbe5488a3aaf1cf5de2ad) Importer(815301076,1909f56bfc062723c751e8b465ee728b)  -> (artifact id: '00000000000000000000000000000000') in 0.000570 seconds
  ERROR: Build asset version error: assets/scripts/menues and ui dialogs/areyousuredialog.cs in SourceAssetDB has modification time of '2021-08-01T20:56:57.9452303Z' while content on disk has modification time of '2021-08-01T20:58:59.7007455Z'
  Import took 0.004591 seconds .

========================================================================
Received Import Request.
  Time since last request: 0.037388 seconds.
  path: Assets/Scripts/Menues and UI Dialogs/AreYouSureDialog.cs
  artifactKey: Guid(aa76929f2cebbe5488a3aaf1cf5de2ad) Importer(815301076,1909f56bfc062723c751e8b465ee728b)
Start importing Assets/Scripts/Menues and UI Dialogs/AreYouSureDialog.cs using Guid(aa76929f2cebbe5488a3aaf1cf5de2ad) Importer(815301076,1909f56bfc062723c751e8b465ee728b)  -> (artifact id: '00000000000000000000000000000000') in 0.000672 seconds
  ERROR: Build asset version error: assets/scripts/menues and ui dialogs/areyousuredialog.cs in SourceAssetDB has modification time of '2021-08-01T20:56:57.9452303Z' while content on disk has modification time of '2021-08-01T20:58:59.7007455Z'
  Import took 0.005463 seconds .

========================================================================
Received Import Request.
  Time since last request: 0.034689 seconds.
  path: Assets/Scripts/Menues and UI Dialogs/AreYouSureDialog.cs
  artifactKey: Guid(aa76929f2cebbe5488a3aaf1cf5de2ad) Importer(815301076,1909f56bfc062723c751e8b465ee728b)
Start importing Assets/Scripts/Menues and UI Dialogs/AreYouSureDialog.cs using Guid(aa76929f2cebbe5488a3aaf1cf5de2ad) Importer(815301076,1909f56bfc062723c751e8b465ee728b)  -> (artifact id: '00000000000000000000000000000000') in 0.000835 seconds
  ERROR: Build asset version error: assets/scripts/menues and ui dialogs/areyousuredialog.cs in SourceAssetDB has modification time of '2021-08-01T20:56:57.9452303Z' while content on disk has modification time of '2021-08-01T20:58:59.7007455Z'
  Import took 0.007616 seconds .

========================================================================
Received Import Request.
  Time since last request: 0.038732 seconds.
  path: Assets/Scripts/Menues and UI Dialogs/AreYouSureDialog.cs
  artifactKey: Guid(aa76929f2cebbe5488a3aaf1cf5de2ad) Importer(815301076,1909f56bfc062723c751e8b465ee728b)
Start importing Assets/Scripts/Menues and UI Dialogs/AreYouSureDialog.cs using Guid(aa76929f2cebbe5488a3aaf1cf5de2ad) Importer(815301076,1909f56bfc062723c751e8b465ee728b)  -> (artifact id: '00000000000000000000000000000000') in 0.001116 seconds
  ERROR: Build asset version error: assets/scripts/menues and ui dialogs/areyousuredialog.cs in SourceAssetDB has modification time of '2021-08-01T20:56:57.9452303Z' while content on disk has modification time of '2021-08-01T20:58:59.7007455Z'
  Import took 0.004911 seconds .

========================================================================
Received Import Request.
  Time since last request: 0.036397 seconds.
  path: Assets/Scripts/Menues and UI Dialogs/AreYouSureDialog.cs
  artifactKey: Guid(aa76929f2cebbe5488a3aaf1cf5de2ad) Importer(815301076,1909f56bfc062723c751e8b465ee728b)
Start importing Assets/Scripts/Menues and UI Dialogs/AreYouSureDialog.cs using Guid(aa76929f2cebbe5488a3aaf1cf5de2ad) Importer(815301076,1909f56bfc062723c751e8b465ee728b)  -> (artifact id: '00000000000000000000000000000000') in 0.001559 seconds
  ERROR: Build asset version error: assets/scripts/menues and ui dialogs/areyousuredialog.cs in SourceAssetDB has modification time of '2021-08-01T20:56:57.9452303Z' while content on disk has modification time of '2021-08-01T20:58:59.7007455Z'
  Import took 0.004607 seconds .

========================================================================
Received Import Request.
  Time since last request: 0.037524 seconds.
  path: Assets/Scripts/Menues and UI Dialogs/AreYouSureDialog.cs
  artifactKey: Guid(aa76929f2cebbe5488a3aaf1cf5de2ad) Importer(815301076,1909f56bfc062723c751e8b465ee728b)
Start importing Assets/Scripts/Menues and UI Dialogs/AreYouSureDialog.cs using Guid(aa76929f2cebbe5488a3aaf1cf5de2ad) Importer(815301076,1909f56bfc062723c751e8b465ee728b)  -> (artifact id: '00000000000000000000000000000000') in 0.000374 seconds
  ERROR: Build asset version error: assets/scripts/menues and ui dialogs/areyousuredialog.cs in SourceAssetDB has modification time of '2021-08-01T20:56:57.9452303Z' while content on disk has modification time of '2021-08-01T20:58:59.7007455Z'
  Import took 0.003806 seconds .

========================================================================
Received Import Request.
  Time since last request: 0.034068 seconds.
  path: Assets/Scripts/Menues and UI Dialogs/AreYouSureDialog.cs
  artifactKey: Guid(aa76929f2cebbe5488a3aaf1cf5de2ad) Importer(815301076,1909f56bfc062723c751e8b465ee728b)
Start importing Assets/Scripts/Menues and UI Dialogs/AreYouSureDialog.cs using Guid(aa76929f2cebbe5488a3aaf1cf5de2ad) Importer(815301076,1909f56bfc062723c751e8b465ee728b)  -> (artifact id: '00000000000000000000000000000000') in 0.000478 seconds
  ERROR: Build asset version error: assets/scripts/menues and ui dialogs/areyousuredialog.cs in SourceAssetDB has modification time of '2021-08-01T20:56:57.9452303Z' while content on disk has modification time of '2021-08-01T20:58:59.7007455Z'
  Import took 0.004175 seconds .

========================================================================
Received Import Request.
  Time since last request: 0.037258 seconds.
  path: Assets/Scripts/Menues and UI Dialogs/AreYouSureDialog.cs
  artifactKey: Guid(aa76929f2cebbe5488a3aaf1cf5de2ad) Importer(815301076,1909f56bfc062723c751e8b465ee728b)
Start importing Assets/Scripts/Menues and UI Dialogs/AreYouSureDialog.cs using Guid(aa76929f2cebbe5488a3aaf1cf5de2ad) Importer(815301076,1909f56bfc062723c751e8b465ee728b)  -> (artifact id: '00000000000000000000000000000000') in 0.000696 seconds
  ERROR: Build asset version error: assets/scripts/menues and ui dialogs/areyousuredialog.cs in SourceAssetDB has modification time of '2021-08-01T20:56:57.9452303Z' while content on disk has modification time of '2021-08-01T20:58:59.7007455Z'
  Import took 0.005307 seconds .

========================================================================
Received Import Request.
  Time since last request: 0.033697 seconds.
  path: Assets/Scripts/Menues and UI Dialogs/AreYouSureDialog.cs
  artifactKey: Guid(aa76929f2cebbe5488a3aaf1cf5de2ad) Importer(815301076,1909f56bfc062723c751e8b465ee728b)
Start importing Assets/Scripts/Menues and UI Dialogs/AreYouSureDialog.cs using Guid(aa76929f2cebbe5488a3aaf1cf5de2ad) Importer(815301076,1909f56bfc062723c751e8b465ee728b)  -> (artifact id: '00000000000000000000000000000000') in 0.000351 seconds
  ERROR: Build asset version error: assets/scripts/menues and ui dialogs/areyousuredialog.cs in SourceAssetDB has modification time of '2021-08-01T20:56:57.9452303Z' while content on disk has modification time of '2021-08-01T20:58:59.7007455Z'
  Import took 0.003654 seconds .

========================================================================
Received Import Request.
  Time since last request: 0.036822 seconds.
  path: Assets/Scripts/Menues and UI Dialogs/AreYouSureDialog.cs
  artifactKey: Guid(aa76929f2cebbe5488a3aaf1cf5de2ad) Importer(815301076,1909f56bfc062723c751e8b465ee728b)
Start importing Assets/Scripts/Menues and UI Dialogs/AreYouSureDialog.cs using Guid(aa76929f2cebbe5488a3aaf1cf5de2ad) Importer(815301076,1909f56bfc062723c751e8b465ee728b)  -> (artifact id: '00000000000000000000000000000000') in 0.001878 seconds
  ERROR: Build asset version error: assets/scripts/menues and ui dialogs/areyousuredialog.cs in SourceAssetDB has modification time of '2021-08-01T20:56:57.9452303Z' while content on disk has modification time of '2021-08-01T20:58:59.7007455Z'
  Import took 0.007101 seconds .

========================================================================
Received Import Request.
  Time since last request: 0.038346 seconds.
  path: Assets/Scripts/Menues and UI Dialogs/AreYouSureDialog.cs
  artifactKey: Guid(aa76929f2cebbe5488a3aaf1cf5de2ad) Importer(815301076,1909f56bfc062723c751e8b465ee728b)
Start importing Assets/Scripts/Menues and UI Dialogs/AreYouSureDialog.cs using Guid(aa76929f2cebbe5488a3aaf1cf5de2ad) Importer(815301076,1909f56bfc062723c751e8b465ee728b)  -> (artifact id: '00000000000000000000000000000000') in 0.001345 seconds
  ERROR: Build asset version error: assets/scripts/menues and ui dialogs/areyousuredialog.cs in SourceAssetDB has modification time of '2021-08-01T20:56:57.9452303Z' while content on disk has modification time of '2021-08-01T20:58:59.7007455Z'
  Import took 0.004186 seconds .

========================================================================
Received Import Request.
  Time since last request: 0.033133 seconds.
  path: Assets/Scripts/Menues and UI Dialogs/AreYouSureDialog.cs
  artifactKey: Guid(aa76929f2cebbe5488a3aaf1cf5de2ad) Importer(815301076,1909f56bfc062723c751e8b465ee728b)
Start importing Assets/Scripts/Menues and UI Dialogs/AreYouSureDialog.cs using Guid(aa76929f2cebbe5488a3aaf1cf5de2ad) Importer(815301076,1909f56bfc062723c751e8b465ee728b)  -> (artifact id: '00000000000000000000000000000000') in 0.000424 seconds
  ERROR: Build asset version error: assets/scripts/menues and ui dialogs/areyousuredialog.cs in SourceAssetDB has modification time of '2021-08-01T20:56:57.9452303Z' while content on disk has modification time of '2021-08-01T20:58:59.7007455Z'
  Import took 0.004489 seconds .

========================================================================
Received Import Request.
  Time since last request: 0.030745 seconds.
  path: Assets/Scripts/Menues and UI Dialogs/AreYouSureDialog.cs
  artifactKey: Guid(aa76929f2cebbe5488a3aaf1cf5de2ad) Importer(815301076,1909f56bfc062723c751e8b465ee728b)
Start importing Assets/Scripts/Menues and UI Dialogs/AreYouSureDialog.cs using Guid(aa76929f2cebbe5488a3aaf1cf5de2ad) Importer(815301076,1909f56bfc062723c751e8b465ee728b)  -> (artifact id: '00000000000000000000000000000000') in 0.001625 seconds
  ERROR: Build asset version error: assets/scripts/menues and ui dialogs/areyousuredialog.cs in SourceAssetDB has modification time of '2021-08-01T20:56:57.9452303Z' while content on disk has modification time of '2021-08-01T20:58:59.7007455Z'
  Import took 0.005445 seconds .

========================================================================
Received Import Request.
  Time since last request: 0.039123 seconds.
  path: Assets/Scripts/Menues and UI Dialogs/AreYouSureDialog.cs
  artifactKey: Guid(aa76929f2cebbe5488a3aaf1cf5de2ad) Importer(815301076,1909f56bfc062723c751e8b465ee728b)
Start importing Assets/Scripts/Menues and UI Dialogs/AreYouSureDialog.cs using Guid(aa76929f2cebbe5488a3aaf1cf5de2ad) Importer(815301076,1909f56bfc062723c751e8b465ee728b)  -> (artifact id: '00000000000000000000000000000000') in 0.000387 seconds
  ERROR: Build asset version error: assets/scripts/menues and ui dialogs/areyousuredialog.cs in SourceAssetDB has modification time of '2021-08-01T20:56:57.9452303Z' while content on disk has modification time of '2021-08-01T20:58:59.7007455Z'
  Import took 0.003629 seconds .

========================================================================
Received Import Request.
  Time since last request: 0.033356 seconds.
  path: Assets/Scripts/Menues and UI Dialogs/AreYouSureDialog.cs
  artifactKey: Guid(aa76929f2cebbe5488a3aaf1cf5de2ad) Importer(815301076,1909f56bfc062723c751e8b465ee728b)
Start importing Assets/Scripts/Menues and UI Dialogs/AreYouSureDialog.cs using Guid(aa76929f2cebbe5488a3aaf1cf5de2ad) Importer(815301076,1909f56bfc062723c751e8b465ee728b)  -> (artifact id: '00000000000000000000000000000000') in 0.001533 seconds
  ERROR: Build asset version error: assets/scripts/menues and ui dialogs/areyousuredialog.cs in SourceAssetDB has modification time of '2021-08-01T20:56:57.9452303Z' while content on disk has modification time of '2021-08-01T20:58:59.7007455Z'
  Import took 0.005901 seconds .

========================================================================
Received Import Request.
  Time since last request: 0.051740 seconds.
  path: Assets/Scripts/Menues and UI Dialogs/AreYouSureDialog.cs
  artifactKey: Guid(aa76929f2cebbe5488a3aaf1cf5de2ad) Importer(815301076,1909f56bfc062723c751e8b465ee728b)
Start importing Assets/Scripts/Menues and UI Dialogs/AreYouSureDialog.cs using Guid(aa76929f2cebbe5488a3aaf1cf5de2ad) Importer(815301076,1909f56bfc062723c751e8b465ee728b)  -> (artifact id: '00000000000000000000000000000000') in 0.000456 seconds
  ERROR: Build asset version error: assets/scripts/menues and ui dialogs/areyousuredialog.cs in SourceAssetDB has modification time of '2021-08-01T20:56:57.9452303Z' while content on disk has modification time of '2021-08-01T20:58:59.7007455Z'
  Import took 0.006880 seconds .

========================================================================
Received Import Request.
  Time since last request: 0.041181 seconds.
  path: Assets/Scripts/Menues and UI Dialogs/AreYouSureDialog.cs
  artifactKey: Guid(aa76929f2cebbe5488a3aaf1cf5de2ad) Importer(815301076,1909f56bfc062723c751e8b465ee728b)
Start importing Assets/Scripts/Menues and UI Dialogs/AreYouSureDialog.cs using Guid(aa76929f2cebbe5488a3aaf1cf5de2ad) Importer(815301076,1909f56bfc062723c751e8b465ee728b)  -> (artifact id: '00000000000000000000000000000000') in 0.000398 seconds
  ERROR: Build asset version error: assets/scripts/menues and ui dialogs/areyousuredialog.cs in SourceAssetDB has modification time of '2021-08-01T20:56:57.9452303Z' while content on disk has modification time of '2021-08-01T20:58:59.7007455Z'
  Import took 0.005990 seconds .

========================================================================
Received Import Request.
  Time since last request: 0.044815 seconds.
  path: Assets/Scripts/Menues and UI Dialogs/AreYouSureDialog.cs
  artifactKey: Guid(aa76929f2cebbe5488a3aaf1cf5de2ad) Importer(815301076,1909f56bfc062723c751e8b465ee728b)
Start importing Assets/Scripts/Menues and UI Dialogs/AreYouSureDialog.cs using Guid(aa76929f2cebbe5488a3aaf1cf5de2ad) Importer(815301076,1909f56bfc062723c751e8b465ee728b)  -> (artifact id: '00000000000000000000000000000000') in 0.001461 seconds
  ERROR: Build asset version error: assets/scripts/menues and ui dialogs/areyousuredialog.cs in SourceAssetDB has modification time of '2021-08-01T20:56:57.9452303Z' while content on disk has modification time of '2021-08-01T20:58:59.7007455Z'
  Import took 0.005321 seconds .

========================================================================
Received Import Request.
  Time since last request: 0.044244 seconds.
  path: Assets/Scripts/Menues and UI Dialogs/AreYouSureDialog.cs
  artifactKey: Guid(aa76929f2cebbe5488a3aaf1cf5de2ad) Importer(815301076,1909f56bfc062723c751e8b465ee728b)
Start importing Assets/Scripts/Menues and UI Dialogs/AreYouSureDialog.cs using Guid(aa76929f2cebbe5488a3aaf1cf5de2ad) Importer(815301076,1909f56bfc062723c751e8b465ee728b)  -> (artifact id: '00000000000000000000000000000000') in 0.000591 seconds
  ERROR: Build asset version error: assets/scripts/menues and ui dialogs/areyousuredialog.cs in SourceAssetDB has modification time of '2021-08-01T20:56:57.9452303Z' while content on disk has modification time of '2021-08-01T20:58:59.7007455Z'
  Import took 0.006036 seconds .

========================================================================
Received Import Request.
  Time since last request: 0.041515 seconds.
  path: Assets/Scripts/Menues and UI Dialogs/AreYouSureDialog.cs
  artifactKey: Guid(aa76929f2cebbe5488a3aaf1cf5de2ad) Importer(815301076,1909f56bfc062723c751e8b465ee728b)
Start importing Assets/Scripts/Menues and UI Dialogs/AreYouSureDialog.cs using Guid(aa76929f2cebbe5488a3aaf1cf5de2ad) Importer(815301076,1909f56bfc062723c751e8b465ee728b)  -> (artifact id: '00000000000000000000000000000000') in 0.000394 seconds
  ERROR: Build asset version error: assets/scripts/menues and ui dialogs/areyousuredialog.cs in SourceAssetDB has modification time of '2021-08-01T20:56:57.9452303Z' while content on disk has modification time of '2021-08-01T20:58:59.7007455Z'
  Import took 0.003648 seconds .

========================================================================
Received Import Request.
  Time since last request: 0.030270 seconds.
  path: Assets/Scripts/Menues and UI Dialogs/AreYouSureDialog.cs
  artifactKey: Guid(aa76929f2cebbe5488a3aaf1cf5de2ad) Importer(815301076,1909f56bfc062723c751e8b465ee728b)
Start importing Assets/Scripts/Menues and UI Dialogs/AreYouSureDialog.cs using Guid(aa76929f2cebbe5488a3aaf1cf5de2ad) Importer(815301076,1909f56bfc062723c751e8b465ee728b)  -> (artifact id: '00000000000000000000000000000000') in 0.000658 seconds
  ERROR: Build asset version error: assets/scripts/menues and ui dialogs/areyousuredialog.cs in SourceAssetDB has modification time of '2021-08-01T20:56:57.9452303Z' while content on disk has modification time of '2021-08-01T20:58:59.7007455Z'
  Import took 0.003668 seconds .

========================================================================
Received Import Request.
  Time since last request: 0.033976 seconds.
  path: Assets/Scripts/Menues and UI Dialogs/AreYouSureDialog.cs
  artifactKey: Guid(aa76929f2cebbe5488a3aaf1cf5de2ad) Importer(815301076,1909f56bfc062723c751e8b465ee728b)
Start importing Assets/Scripts/Menues and UI Dialogs/AreYouSureDialog.cs using Guid(aa76929f2cebbe5488a3aaf1cf5de2ad) Importer(815301076,1909f56bfc062723c751e8b465ee728b)  -> (artifact id: '00000000000000000000000000000000') in 0.000447 seconds
  ERROR: Build asset version error: assets/scripts/menues and ui dialogs/areyousuredialog.cs in SourceAssetDB has modification time of '2021-08-01T20:56:57.9452303Z' while content on disk has modification time of '2021-08-01T20:58:59.7007455Z'
  Import took 0.004533 seconds .

========================================================================
Received Import Request.
  Time since last request: 0.033900 seconds.
  path: Assets/Scripts/Menues and UI Dialogs/AreYouSureDialog.cs
  artifactKey: Guid(aa76929f2cebbe5488a3aaf1cf5de2ad) Importer(815301076,1909f56bfc062723c751e8b465ee728b)
Start importing Assets/Scripts/Menues and UI Dialogs/AreYouSureDialog.cs using Guid(aa76929f2cebbe5488a3aaf1cf5de2ad) Importer(815301076,1909f56bfc062723c751e8b465ee728b)  -> (artifact id: '00000000000000000000000000000000') in 0.001029 seconds
  ERROR: Build asset version error: assets/scripts/menues and ui dialogs/areyousuredialog.cs in SourceAssetDB has modification time of '2021-08-01T20:56:57.9452303Z' while content on disk has modification time of '2021-08-01T20:58:59.7007455Z'
  Import took 0.003954 seconds .

========================================================================
Received Import Request.
  Time since last request: 0.032529 seconds.
  path: Assets/Scripts/Menues and UI Dialogs/AreYouSureDialog.cs
  artifactKey: Guid(aa76929f2cebbe5488a3aaf1cf5de2ad) Importer(815301076,1909f56bfc062723c751e8b465ee728b)
Start importing Assets/Scripts/Menues and UI Dialogs/AreYouSureDialog.cs using Guid(aa76929f2cebbe5488a3aaf1cf5de2ad) Importer(815301076,1909f56bfc062723c751e8b465ee728b)  -> (artifact id: '00000000000000000000000000000000') in 0.000749 seconds
  ERROR: Build asset version error: assets/scripts/menues and ui dialogs/areyousuredialog.cs in SourceAssetDB has modification time of '2021-08-01T20:56:57.9452303Z' while content on disk has modification time of '2021-08-01T20:58:59.7007455Z'
  Import took 0.004874 seconds .

========================================================================
Received Import Request.
  Time since last request: 0.033862 seconds.
  path: Assets/Scripts/Menues and UI Dialogs/AreYouSureDialog.cs
  artifactKey: Guid(aa76929f2cebbe5488a3aaf1cf5de2ad) Importer(815301076,1909f56bfc062723c751e8b465ee728b)
Start importing Assets/Scripts/Menues and UI Dialogs/AreYouSureDialog.cs using Guid(aa76929f2cebbe5488a3aaf1cf5de2ad) Importer(815301076,1909f56bfc062723c751e8b465ee728b)  -> (artifact id: '00000000000000000000000000000000') in 0.000881 seconds
  ERROR: Build asset version error: assets/scripts/menues and ui dialogs/areyousuredialog.cs in SourceAssetDB has modification time of '2021-08-01T20:56:57.9452303Z' while content on disk has modification time of '2021-08-01T20:58:59.7007455Z'
  Import took 0.004498 seconds .

========================================================================
Received Import Request.
  Time since last request: 0.035051 seconds.
  path: Assets/Scripts/Menues and UI Dialogs/AreYouSureDialog.cs
  artifactKey: Guid(aa76929f2cebbe5488a3aaf1cf5de2ad) Importer(815301076,1909f56bfc062723c751e8b465ee728b)
Start importing Assets/Scripts/Menues and UI Dialogs/AreYouSureDialog.cs using Guid(aa76929f2cebbe5488a3aaf1cf5de2ad) Importer(815301076,1909f56bfc062723c751e8b465ee728b)  -> (artifact id: '00000000000000000000000000000000') in 0.000599 seconds
  ERROR: Build asset version error: assets/scripts/menues and ui dialogs/areyousuredialog.cs in SourceAssetDB has modification time of '2021-08-01T20:56:57.9452303Z' while content on disk has modification time of '2021-08-01T20:58:59.7007455Z'
  Import took 0.003682 seconds .

========================================================================
Received Import Request.
  Time since last request: 0.030100 seconds.
  path: Assets/Scripts/Menues and UI Dialogs/AreYouSureDialog.cs
  artifactKey: Guid(aa76929f2cebbe5488a3aaf1cf5de2ad) Importer(815301076,1909f56bfc062723c751e8b465ee728b)
Start importing Assets/Scripts/Menues and UI Dialogs/AreYouSureDialog.cs using Guid(aa76929f2cebbe5488a3aaf1cf5de2ad) Importer(815301076,1909f56bfc062723c751e8b465ee728b)  -> (artifact id: '00000000000000000000000000000000') in 0.000405 seconds
  ERROR: Build asset version error: assets/scripts/menues and ui dialogs/areyousuredialog.cs in SourceAssetDB has modification time of '2021-08-01T20:56:57.9452303Z' while content on disk has modification time of '2021-08-01T20:58:59.7007455Z'
  Import took 0.003842 seconds .

========================================================================
Received Import Request.
  Time since last request: 0.032032 seconds.
  path: Assets/Scripts/Menues and UI Dialogs/AreYouSureDialog.cs
  artifactKey: Guid(aa76929f2cebbe5488a3aaf1cf5de2ad) Importer(815301076,1909f56bfc062723c751e8b465ee728b)
Start importing Assets/Scripts/Menues and UI Dialogs/AreYouSureDialog.cs using Guid(aa76929f2cebbe5488a3aaf1cf5de2ad) Importer(815301076,1909f56bfc062723c751e8b465ee728b)  -> (artifact id: '00000000000000000000000000000000') in 0.000418 seconds
  ERROR: Build asset version error: assets/scripts/menues and ui dialogs/areyousuredialog.cs in SourceAssetDB has modification time of '2021-08-01T20:56:57.9452303Z' while content on disk has modification time of '2021-08-01T20:58:59.7007455Z'
  Import took 0.003817 seconds .

========================================================================
Received Import Request.
  Time since last request: 0.033905 seconds.
  path: Assets/Scripts/Menues and UI Dialogs/AreYouSureDialog.cs
  artifactKey: Guid(aa76929f2cebbe5488a3aaf1cf5de2ad) Importer(815301076,1909f56bfc062723c751e8b465ee728b)
Start importing Assets/Scripts/Menues and UI Dialogs/AreYouSureDialog.cs using Guid(aa76929f2cebbe5488a3aaf1cf5de2ad) Importer(815301076,1909f56bfc062723c751e8b465ee728b)  -> (artifact id: '00000000000000000000000000000000') in 0.000668 seconds
  ERROR: Build asset version error: assets/scripts/menues and ui dialogs/areyousuredialog.cs in SourceAssetDB has modification time of '2021-08-01T20:56:57.9452303Z' while content on disk has modification time of '2021-08-01T20:58:59.7007455Z'
  Import took 0.004288 seconds .

========================================================================
Received Import Request.
  Time since last request: 0.041247 seconds.
  path: Assets/Scripts/Menues and UI Dialogs/AreYouSureDialog.cs
  artifactKey: Guid(aa76929f2cebbe5488a3aaf1cf5de2ad) Importer(815301076,1909f56bfc062723c751e8b465ee728b)
Start importing Assets/Scripts/Menues and UI Dialogs/AreYouSureDialog.cs using Guid(aa76929f2cebbe5488a3aaf1cf5de2ad) Importer(815301076,1909f56bfc062723c751e8b465ee728b)  -> (artifact id: '00000000000000000000000000000000') in 0.000497 seconds
  ERROR: Build asset version error: assets/scripts/menues and ui dialogs/areyousuredialog.cs in SourceAssetDB has modification time of '2021-08-01T20:56:57.9452303Z' while content on disk has modification time of '2021-08-01T20:58:59.7007455Z'
  Import took 0.005898 seconds .

========================================================================
Received Import Request.
  Time since last request: 0.042858 seconds.
  path: Assets/Scripts/Menues and UI Dialogs/AreYouSureDialog.cs
  artifactKey: Guid(aa76929f2cebbe5488a3aaf1cf5de2ad) Importer(815301076,1909f56bfc062723c751e8b465ee728b)
Start importing Assets/Scripts/Menues and UI Dialogs/AreYouSureDialog.cs using Guid(aa76929f2cebbe5488a3aaf1cf5de2ad) Importer(815301076,1909f56bfc062723c751e8b465ee728b)  -> (artifact id: '00000000000000000000000000000000') in 0.000635 seconds
  ERROR: Build asset version error: assets/scripts/menues and ui dialogs/areyousuredialog.cs in SourceAssetDB has modification time of '2021-08-01T20:56:57.9452303Z' while content on disk has modification time of '2021-08-01T20:58:59.7007455Z'
  Import took 0.005385 seconds .

========================================================================
Received Import Request.
  Time since last request: 0.059471 seconds.
  path: Assets/Scripts/Menues and UI Dialogs/AreYouSureDialog.cs
  artifactKey: Guid(aa76929f2cebbe5488a3aaf1cf5de2ad) Importer(815301076,1909f56bfc062723c751e8b465ee728b)
Start importing Assets/Scripts/Menues and UI Dialogs/AreYouSureDialog.cs using Guid(aa76929f2cebbe5488a3aaf1cf5de2ad) Importer(815301076,1909f56bfc062723c751e8b465ee728b)  -> (artifact id: '00000000000000000000000000000000') in 0.000586 seconds
  ERROR: Build asset version error: assets/scripts/menues and ui dialogs/areyousuredialog.cs in SourceAssetDB has modification time of '2021-08-01T20:56:57.9452303Z' while content on disk has modification time of '2021-08-01T20:58:59.7007455Z'
  Import took 0.004189 seconds .

========================================================================
Received Import Request.
  Time since last request: 0.047766 seconds.
  path: Assets/Scripts/Menues and UI Dialogs/AreYouSureDialog.cs
  artifactKey: Guid(aa76929f2cebbe5488a3aaf1cf5de2ad) Importer(815301076,1909f56bfc062723c751e8b465ee728b)
Start importing Assets/Scripts/Menues and UI Dialogs/AreYouSureDialog.cs using Guid(aa76929f2cebbe5488a3aaf1cf5de2ad) Importer(815301076,1909f56bfc062723c751e8b465ee728b)  -> (artifact id: '00000000000000000000000000000000') in 0.000837 seconds
  ERROR: Build asset version error: assets/scripts/menues and ui dialogs/areyousuredialog.cs in SourceAssetDB has modification time of '2021-08-01T20:56:57.9452303Z' while content on disk has modification time of '2021-08-01T20:58:59.7007455Z'
  Import took 0.013202 seconds .

========================================================================
Received Import Request.
  Time since last request: 0.140260 seconds.
  path: Assets/Scripts/Menues and UI Dialogs/AreYouSureDialog.cs
  artifactKey: Guid(aa76929f2cebbe5488a3aaf1cf5de2ad) Importer(815301076,1909f56bfc062723c751e8b465ee728b)
Start importing Assets/Scripts/Menues and UI Dialogs/AreYouSureDialog.cs using Guid(aa76929f2cebbe5488a3aaf1cf5de2ad) Importer(815301076,1909f56bfc062723c751e8b465ee728b)  -> (artifact id: '00000000000000000000000000000000') in 0.000405 seconds
  ERROR: Build asset version error: assets/scripts/menues and ui dialogs/areyousuredialog.cs in SourceAssetDB has modification time of '2021-08-01T20:56:57.9452303Z' while content on disk has modification time of '2021-08-01T20:58:59.7007455Z'
  Import took 0.010020 seconds .

========================================================================
Received Import Request.
  Time since last request: 0.046399 seconds.
  path: Assets/Scripts/Menues and UI Dialogs/AreYouSureDialog.cs
  artifactKey: Guid(aa76929f2cebbe5488a3aaf1cf5de2ad) Importer(815301076,1909f56bfc062723c751e8b465ee728b)
Start importing Assets/Scripts/Menues and UI Dialogs/AreYouSureDialog.cs using Guid(aa76929f2cebbe5488a3aaf1cf5de2ad) Importer(815301076,1909f56bfc062723c751e8b465ee728b)  -> (artifact id: '00000000000000000000000000000000') in 0.000412 seconds
  ERROR: Build asset version error: assets/scripts/menues and ui dialogs/areyousuredialog.cs in SourceAssetDB has modification time of '2021-08-01T20:56:57.9452303Z' while content on disk has modification time of '2021-08-01T20:58:59.7007455Z'
  Import took 0.011288 seconds .

========================================================================
Received Import Request.
  Time since last request: 0.063374 seconds.
  path: Assets/Scripts/Menues and UI Dialogs/AreYouSureDialog.cs
  artifactKey: Guid(aa76929f2cebbe5488a3aaf1cf5de2ad) Importer(815301076,1909f56bfc062723c751e8b465ee728b)
Start importing Assets/Scripts/Menues and UI Dialogs/AreYouSureDialog.cs using Guid(aa76929f2cebbe5488a3aaf1cf5de2ad) Importer(815301076,1909f56bfc062723c751e8b465ee728b)  -> (artifact id: '00000000000000000000000000000000') in 0.000380 seconds
  ERROR: Build asset version error: assets/scripts/menues and ui dialogs/areyousuredialog.cs in SourceAssetDB has modification time of '2021-08-01T20:56:57.9452303Z' while content on disk has modification time of '2021-08-01T20:58:59.7007455Z'
  Import took 0.003709 seconds .

========================================================================
Received Import Request.
  Time since last request: 0.137035 seconds.
  path: Assets/Scripts/Menues and UI Dialogs/AreYouSureDialog.cs
  artifactKey: Guid(aa76929f2cebbe5488a3aaf1cf5de2ad) Importer(815301076,1909f56bfc062723c751e8b465ee728b)
Start importing Assets/Scripts/Menues and UI Dialogs/AreYouSureDialog.cs using Guid(aa76929f2cebbe5488a3aaf1cf5de2ad) Importer(815301076,1909f56bfc062723c751e8b465ee728b)  -> (artifact id: '00000000000000000000000000000000') in 0.002459 seconds
  ERROR: Build asset version error: assets/scripts/menues and ui dialogs/areyousuredialog.cs in SourceAssetDB has modification time of '2021-08-01T20:56:57.9452303Z' while content on disk has modification time of '2021-08-01T20:58:59.7007455Z'
  Import took 0.017716 seconds .

========================================================================
Received Import Request.
  Time since last request: 0.142526 seconds.
  path: Assets/Scripts/Menues and UI Dialogs/AreYouSureDialog.cs
  artifactKey: Guid(aa76929f2cebbe5488a3aaf1cf5de2ad) Importer(815301076,1909f56bfc062723c751e8b465ee728b)
Start importing Assets/Scripts/Menues and UI Dialogs/AreYouSureDialog.cs using Guid(aa76929f2cebbe5488a3aaf1cf5de2ad) Importer(815301076,1909f56bfc062723c751e8b465ee728b)  -> (artifact id: '00000000000000000000000000000000') in 0.000758 seconds
  ERROR: Build asset version error: assets/scripts/menues and ui dialogs/areyousuredialog.cs in SourceAssetDB has modification time of '2021-08-01T20:56:57.9452303Z' while content on disk has modification time of '2021-08-01T20:58:59.7007455Z'
  Import took 0.010100 seconds .

========================================================================
Received Import Request.
  Time since last request: 0.081219 seconds.
  path: Assets/Scripts/Menues and UI Dialogs/AreYouSureDialog.cs
  artifactKey: Guid(aa76929f2cebbe5488a3aaf1cf5de2ad) Importer(815301076,1909f56bfc062723c751e8b465ee728b)
Start importing Assets/Scripts/Menues and UI Dialogs/AreYouSureDialog.cs using Guid(aa76929f2cebbe5488a3aaf1cf5de2ad) Importer(815301076,1909f56bfc062723c751e8b465ee728b)  -> (artifact id: '00000000000000000000000000000000') in 0.000452 seconds
  ERROR: Build asset version error: assets/scripts/menues and ui dialogs/areyousuredialog.cs in SourceAssetDB has modification time of '2021-08-01T20:56:57.9452303Z' while content on disk has modification time of '2021-08-01T20:58:59.7007455Z'
  Import took 0.004082 seconds .

========================================================================
Received Import Request.
  Time since last request: 0.066748 seconds.
  path: Assets/Scripts/Menues and UI Dialogs/AreYouSureDialog.cs
  artifactKey: Guid(aa76929f2cebbe5488a3aaf1cf5de2ad) Importer(815301076,1909f56bfc062723c751e8b465ee728b)
Start importing Assets/Scripts/Menues and UI Dialogs/AreYouSureDialog.cs using Guid(aa76929f2cebbe5488a3aaf1cf5de2ad) Importer(815301076,1909f56bfc062723c751e8b465ee728b)  -> (artifact id: '00000000000000000000000000000000') in 0.000648 seconds
  ERROR: Build asset version error: assets/scripts/menues and ui dialogs/areyousuredialog.cs in SourceAssetDB has modification time of '2021-08-01T20:56:57.9452303Z' while content on disk has modification time of '2021-08-01T20:58:59.7007455Z'
  Import took 0.004592 seconds .

========================================================================
Received Import Request.
  Time since last request: 0.174098 seconds.
  path: Assets/Scripts/Menues and UI Dialogs/AreYouSureDialog.cs
  artifactKey: Guid(aa76929f2cebbe5488a3aaf1cf5de2ad) Importer(815301076,1909f56bfc062723c751e8b465ee728b)
Start importing Assets/Scripts/Menues and UI Dialogs/AreYouSureDialog.cs using Guid(aa76929f2cebbe5488a3aaf1cf5de2ad) Importer(815301076,1909f56bfc062723c751e8b465ee728b)  -> (artifact id: '00000000000000000000000000000000') in 0.000293 seconds
  ERROR: Build asset version error: assets/scripts/menues and ui dialogs/areyousuredialog.cs in SourceAssetDB has modification time of '2021-08-01T20:56:57.9452303Z' while content on disk has modification time of '2021-08-01T20:58:59.7007455Z'
  Import took 0.002643 seconds .

========================================================================
Received Import Request.
  Time since last request: 0.062741 seconds.
  path: Assets/Scripts/Menues and UI Dialogs/AreYouSureDialog.cs
  artifactKey: Guid(aa76929f2cebbe5488a3aaf1cf5de2ad) Importer(815301076,1909f56bfc062723c751e8b465ee728b)
Start importing Assets/Scripts/Menues and UI Dialogs/AreYouSureDialog.cs using Guid(aa76929f2cebbe5488a3aaf1cf5de2ad) Importer(815301076,1909f56bfc062723c751e8b465ee728b)  -> (artifact id: '00000000000000000000000000000000') in 0.000467 seconds
  ERROR: Build asset version error: assets/scripts/menues and ui dialogs/areyousuredialog.cs in SourceAssetDB has modification time of '2021-08-01T20:56:57.9452303Z' while content on disk has modification time of '2021-08-01T20:58:59.7007455Z'
  Import took 0.006457 seconds .

========================================================================
Received Import Request.
  Time since last request: 0.044374 seconds.
  path: Assets/Scripts/Menues and UI Dialogs/AreYouSureDialog.cs
  artifactKey: Guid(aa76929f2cebbe5488a3aaf1cf5de2ad) Importer(815301076,1909f56bfc062723c751e8b465ee728b)
Start importing Assets/Scripts/Menues and UI Dialogs/AreYouSureDialog.cs using Guid(aa76929f2cebbe5488a3aaf1cf5de2ad) Importer(815301076,1909f56bfc062723c751e8b465ee728b)  -> (artifact id: '00000000000000000000000000000000') in 0.001527 seconds
  ERROR: Build asset version error: assets/scripts/menues and ui dialogs/areyousuredialog.cs in SourceAssetDB has modification time of '2021-08-01T20:56:57.9452303Z' while content on disk has modification time of '2021-08-01T20:58:59.7007455Z'
  Import took 0.017124 seconds .

========================================================================
Received Import Request.
  Time since last request: 0.175228 seconds.
  path: Assets/Scripts/Menues and UI Dialogs/AreYouSureDialog.cs
  artifactKey: Guid(aa76929f2cebbe5488a3aaf1cf5de2ad) Importer(815301076,1909f56bfc062723c751e8b465ee728b)
Start importing Assets/Scripts/Menues and UI Dialogs/AreYouSureDialog.cs using Guid(aa76929f2cebbe5488a3aaf1cf5de2ad) Importer(815301076,1909f56bfc062723c751e8b465ee728b)  -> (artifact id: '00000000000000000000000000000000') in 0.000452 seconds
  ERROR: Build asset version error: assets/scripts/menues and ui dialogs/areyousuredialog.cs in SourceAssetDB has modification time of '2021-08-01T20:56:57.9452303Z' while content on disk has modification time of '2021-08-01T20:58:59.7007455Z'
  Import took 0.011404 seconds .

========================================================================
Received Import Request.
  Time since last request: 0.121005 seconds.
  path: Assets/Scripts/Menues and UI Dialogs/AreYouSureDialog.cs
  artifactKey: Guid(aa76929f2cebbe5488a3aaf1cf5de2ad) Importer(815301076,1909f56bfc062723c751e8b465ee728b)
Start importing Assets/Scripts/Menues and UI Dialogs/AreYouSureDialog.cs using Guid(aa76929f2cebbe5488a3aaf1cf5de2ad) Importer(815301076,1909f56bfc062723c751e8b465ee728b)  -> (artifact id: '00000000000000000000000000000000') in 0.000664 seconds
  ERROR: Build asset version error: assets/scripts/menues and ui dialogs/areyousuredialog.cs in SourceAssetDB has modification time of '2021-08-01T20:56:57.9452303Z' while content on disk has modification time of '2021-08-01T20:58:59.7007455Z'
  Import took 0.005740 seconds .

========================================================================
Received Import Request.
  Time since last request: 0.090928 seconds.
  path: Assets/Scripts/Menues and UI Dialogs/AreYouSureDialog.cs
  artifactKey: Guid(aa76929f2cebbe5488a3aaf1cf5de2ad) Importer(815301076,1909f56bfc062723c751e8b465ee728b)
Start importing Assets/Scripts/Menues and UI Dialogs/AreYouSureDialog.cs using Guid(aa76929f2cebbe5488a3aaf1cf5de2ad) Importer(815301076,1909f56bfc062723c751e8b465ee728b)  -> (artifact id: '00000000000000000000000000000000') in 0.000459 seconds
  ERROR: Build asset version error: assets/scripts/menues and ui dialogs/areyousuredialog.cs in SourceAssetDB has modification time of '2021-08-01T20:56:57.9452303Z' while content on disk has modification time of '2021-08-01T20:58:59.7007455Z'
  Import took 0.009679 seconds .

========================================================================
Received Import Request.
  Time since last request: 0.147703 seconds.
  path: Assets/Scripts/Menues and UI Dialogs/AreYouSureDialog.cs
  artifactKey: Guid(aa76929f2cebbe5488a3aaf1cf5de2ad) Importer(815301076,1909f56bfc062723c751e8b465ee728b)
Start importing Assets/Scripts/Menues and UI Dialogs/AreYouSureDialog.cs using Guid(aa76929f2cebbe5488a3aaf1cf5de2ad) Importer(815301076,1909f56bfc062723c751e8b465ee728b)  -> (artifact id: '00000000000000000000000000000000') in 0.000473 seconds
  ERROR: Build asset version error: assets/scripts/menues and ui dialogs/areyousuredialog.cs in SourceAssetDB has modification time of '2021-08-01T20:56:57.9452303Z' while content on disk has modification time of '2021-08-01T20:58:59.7007455Z'
  Import took 0.004673 seconds .

========================================================================
Received Import Request.
  Time since last request: 0.045149 seconds.
  path: Assets/Scripts/Menues and UI Dialogs/AreYouSureDialog.cs
  artifactKey: Guid(aa76929f2cebbe5488a3aaf1cf5de2ad) Importer(815301076,1909f56bfc062723c751e8b465ee728b)
Start importing Assets/Scripts/Menues and UI Dialogs/AreYouSureDialog.cs using Guid(aa76929f2cebbe5488a3aaf1cf5de2ad) Importer(815301076,1909f56bfc062723c751e8b465ee728b)  -> (artifact id: '00000000000000000000000000000000') in 0.001687 seconds
  ERROR: Build asset version error: assets/scripts/menues and ui dialogs/areyousuredialog.cs in SourceAssetDB has modification time of '2021-08-01T20:56:57.9452303Z' while content on disk has modification time of '2021-08-01T20:58:59.7007455Z'
  Import took 0.006249 seconds .

========================================================================
Received Import Request.
  Time since last request: 0.049027 seconds.
  path: Assets/Scripts/Menues and UI Dialogs/AreYouSureDialog.cs
  artifactKey: Guid(aa76929f2cebbe5488a3aaf1cf5de2ad) Importer(815301076,1909f56bfc062723c751e8b465ee728b)
Start importing Assets/Scripts/Menues and UI Dialogs/AreYouSureDialog.cs using Guid(aa76929f2cebbe5488a3aaf1cf5de2ad) Importer(815301076,1909f56bfc062723c751e8b465ee728b)  -> (artifact id: '00000000000000000000000000000000') in 0.000412 seconds
  ERROR: Build asset version error: assets/scripts/menues and ui dialogs/areyousuredialog.cs in SourceAssetDB has modification time of '2021-08-01T20:56:57.9452303Z' while content on disk has modification time of '2021-08-01T20:58:59.7007455Z'
  Import took 0.033345 seconds .

========================================================================
Received Import Request.
  Time since last request: 0.127303 seconds.
  path: Assets/Scripts/Menues and UI Dialogs/AreYouSureDialog.cs
  artifactKey: Guid(aa76929f2cebbe5488a3aaf1cf5de2ad) Importer(815301076,1909f56bfc062723c751e8b465ee728b)
Start importing Assets/Scripts/Menues and UI Dialogs/AreYouSureDialog.cs using Guid(aa76929f2cebbe5488a3aaf1cf5de2ad) Importer(815301076,1909f56bfc062723c751e8b465ee728b)  -> (artifact id: '00000000000000000000000000000000') in 0.000399 seconds
  ERROR: Build asset version error: assets/scripts/menues and ui dialogs/areyousuredialog.cs in SourceAssetDB has modification time of '2021-08-01T20:56:57.9452303Z' while content on disk has modification time of '2021-08-01T20:58:59.7007455Z'
  Import took 0.004979 seconds .

========================================================================
Received Import Request.
  Time since last request: 0.060553 seconds.
  path: Assets/Scripts/Menues and UI Dialogs/AreYouSureDialog.cs
  artifactKey: Guid(aa76929f2cebbe5488a3aaf1cf5de2ad) Importer(815301076,1909f56bfc062723c751e8b465ee728b)
Start importing Assets/Scripts/Menues and UI Dialogs/AreYouSureDialog.cs using Guid(aa76929f2cebbe5488a3aaf1cf5de2ad) Importer(815301076,1909f56bfc062723c751e8b465ee728b)  -> (artifact id: '00000000000000000000000000000000') in 0.000377 seconds
  ERROR: Build asset version error: assets/scripts/menues and ui dialogs/areyousuredialog.cs in SourceAssetDB has modification time of '2021-08-01T20:56:57.9452303Z' while content on disk has modification time of '2021-08-01T20:58:59.7007455Z'
  Import took 0.009355 seconds .

========================================================================
Received Import Request.
  Time since last request: 0.125733 seconds.
  path: Assets/Scripts/Menues and UI Dialogs/AreYouSureDialog.cs
  artifactKey: Guid(aa76929f2cebbe5488a3aaf1cf5de2ad) Importer(815301076,1909f56bfc062723c751e8b465ee728b)
Start importing Assets/Scripts/Menues and UI Dialogs/AreYouSureDialog.cs using Guid(aa76929f2cebbe5488a3aaf1cf5de2ad) Importer(815301076,1909f56bfc062723c751e8b465ee728b)  -> (artifact id: '00000000000000000000000000000000') in 0.000556 seconds
  ERROR: Build asset version error: assets/scripts/menues and ui dialogs/areyousuredialog.cs in SourceAssetDB has modification time of '2021-08-01T20:56:57.9452303Z' while content on disk has modification time of '2021-08-01T20:58:59.7007455Z'
  Import took 0.003915 seconds .

========================================================================
Received Import Request.
  Time since last request: 0.041732 seconds.
  path: Assets/Scripts/Menues and UI Dialogs/AreYouSureDialog.cs
  artifactKey: Guid(aa76929f2cebbe5488a3aaf1cf5de2ad) Importer(815301076,1909f56bfc062723c751e8b465ee728b)
Start importing Assets/Scripts/Menues and UI Dialogs/AreYouSureDialog.cs using Guid(aa76929f2cebbe5488a3aaf1cf5de2ad) Importer(815301076,1909f56bfc062723c751e8b465ee728b)  -> (artifact id: '00000000000000000000000000000000') in 0.000401 seconds
  ERROR: Build asset version error: assets/scripts/menues and ui dialogs/areyousuredialog.cs in SourceAssetDB has modification time of '2021-08-01T20:56:57.9452303Z' while content on disk has modification time of '2021-08-01T20:58:59.7007455Z'
  Import took 0.007398 seconds .

========================================================================
Received Import Request.
  Time since last request: 0.044108 seconds.
  path: Assets/Scripts/Menues and UI Dialogs/AreYouSureDialog.cs
  artifactKey: Guid(aa76929f2cebbe5488a3aaf1cf5de2ad) Importer(815301076,1909f56bfc062723c751e8b465ee728b)
Start importing Assets/Scripts/Menues and UI Dialogs/AreYouSureDialog.cs using Guid(aa76929f2cebbe5488a3aaf1cf5de2ad) Importer(815301076,1909f56bfc062723c751e8b465ee728b)  -> (artifact id: '00000000000000000000000000000000') in 0.000436 seconds
  ERROR: Build asset version error: assets/scripts/menues and ui dialogs/areyousuredialog.cs in SourceAssetDB has modification time of '2021-08-01T20:56:57.9452303Z' while content on disk has modification time of '2021-08-01T20:58:59.7007455Z'
  Import took 0.015231 seconds .

========================================================================
Received Import Request.
  Time since last request: 0.234436 seconds.
  path: Assets/Scripts/Menues and UI Dialogs/AreYouSureDialog.cs
  artifactKey: Guid(aa76929f2cebbe5488a3aaf1cf5de2ad) Importer(815301076,1909f56bfc062723c751e8b465ee728b)
Start importing Assets/Scripts/Menues and UI Dialogs/AreYouSureDialog.cs using Guid(aa76929f2cebbe5488a3aaf1cf5de2ad) Importer(815301076,1909f56bfc062723c751e8b465ee728b)  -> (artifact id: '00000000000000000000000000000000') in 0.000507 seconds
  ERROR: Build asset version error: assets/scripts/menues and ui dialogs/areyousuredialog.cs in SourceAssetDB has modification time of '2021-08-01T20:56:57.9452303Z' while content on disk has modification time of '2021-08-01T20:58:59.7007455Z'
  Import took 0.026772 seconds .

========================================================================
Received Import Request.
  Time since last request: 0.137320 seconds.
  path: Assets/Scripts/Menues and UI Dialogs/AreYouSureDialog.cs
  artifactKey: Guid(aa76929f2cebbe5488a3aaf1cf5de2ad) Importer(815301076,1909f56bfc062723c751e8b465ee728b)
Start importing Assets/Scripts/Menues and UI Dialogs/AreYouSureDialog.cs using Guid(aa76929f2cebbe5488a3aaf1cf5de2ad) Importer(815301076,1909f56bfc062723c751e8b465ee728b)  -> (artifact id: '00000000000000000000000000000000') in 0.002633 seconds
  ERROR: Build asset version error: assets/scripts/menues and ui dialogs/areyousuredialog.cs in SourceAssetDB has modification time of '2021-08-01T20:56:57.9452303Z' while content on disk has modification time of '2021-08-01T20:58:59.7007455Z'
  Import took 0.012596 seconds .

========================================================================
Received Import Request.
  Time since last request: 0.052677 seconds.
  path: Assets/Scripts/Menues and UI Dialogs/AreYouSureDialog.cs
  artifactKey: Guid(aa76929f2cebbe5488a3aaf1cf5de2ad) Importer(815301076,1909f56bfc062723c751e8b465ee728b)
Start importing Assets/Scripts/Menues and UI Dialogs/AreYouSureDialog.cs using Guid(aa76929f2cebbe5488a3aaf1cf5de2ad) Importer(815301076,1909f56bfc062723c751e8b465ee728b)  -> (artifact id: '00000000000000000000000000000000') in 0.000396 seconds
  ERROR: Build asset version error: assets/scripts/menues and ui dialogs/areyousuredialog.cs in SourceAssetDB has modification time of '2021-08-01T20:56:57.9452303Z' while content on disk has modification time of '2021-08-01T20:58:59.7007455Z'
  Import took 0.010232 seconds .

========================================================================
Received Import Request.
  Time since last request: 0.058616 seconds.
  path: Assets/Scripts/Menues and UI Dialogs/AreYouSureDialog.cs
  artifactKey: Guid(aa76929f2cebbe5488a3aaf1cf5de2ad) Importer(815301076,1909f56bfc062723c751e8b465ee728b)
Start importing Assets/Scripts/Menues and UI Dialogs/AreYouSureDialog.cs using Guid(aa76929f2cebbe5488a3aaf1cf5de2ad) Importer(815301076,1909f56bfc062723c751e8b465ee728b)  -> (artifact id: '00000000000000000000000000000000') in 0.000387 seconds
  ERROR: Build asset version error: assets/scripts/menues and ui dialogs/areyousuredialog.cs in SourceAssetDB has modification time of '2021-08-01T20:56:57.9452303Z' while content on disk has modification time of '2021-08-01T20:58:59.7007455Z'
  Import took 0.003552 seconds .

========================================================================
Received Import Request.
  Time since last request: 0.136357 seconds.
  path: Assets/Scripts/Menues and UI Dialogs/AreYouSureDialog.cs
  artifactKey: Guid(aa76929f2cebbe5488a3aaf1cf5de2ad) Importer(815301076,1909f56bfc062723c751e8b465ee728b)
Start importing Assets/Scripts/Menues and UI Dialogs/AreYouSureDialog.cs using Guid(aa76929f2cebbe5488a3aaf1cf5de2ad) Importer(815301076,1909f56bfc062723c751e8b465ee728b)  -> (artifact id: '00000000000000000000000000000000') in 0.001568 seconds
  ERROR: Build asset version error: assets/scripts/menues and ui dialogs/areyousuredialog.cs in SourceAssetDB has modification time of '2021-08-01T20:56:57.9452303Z' while content on disk has modification time of '2021-08-01T20:58:59.7007455Z'
  Import took 0.005447 seconds .

========================================================================
Received Import Request.
  Time since last request: 0.049255 seconds.
  path: Assets/Scripts/Menues and UI Dialogs/AreYouSureDialog.cs
  artifactKey: Guid(aa76929f2cebbe5488a3aaf1cf5de2ad) Importer(815301076,1909f56bfc062723c751e8b465ee728b)
Start importing Assets/Scripts/Menues and UI Dialogs/AreYouSureDialog.cs using Guid(aa76929f2cebbe5488a3aaf1cf5de2ad) Importer(815301076,1909f56bfc062723c751e8b465ee728b)  -> (artifact id: '00000000000000000000000000000000') in 0.000756 seconds
  ERROR: Build asset version error: assets/scripts/menues and ui dialogs/areyousuredialog.cs in SourceAssetDB has modification time of '2021-08-01T20:56:57.9452303Z' while content on disk has modification time of '2021-08-01T20:58:59.7007455Z'
  Import took 0.005990 seconds .

========================================================================
Received Import Request.
  Time since last request: 0.049815 seconds.
  path: Assets/Scripts/Menues and UI Dialogs/AreYouSureDialog.cs
  artifactKey: Guid(aa76929f2cebbe5488a3aaf1cf5de2ad) Importer(815301076,1909f56bfc062723c751e8b465ee728b)
Start importing Assets/Scripts/Menues and UI Dialogs/AreYouSureDialog.cs using Guid(aa76929f2cebbe5488a3aaf1cf5de2ad) Importer(815301076,1909f56bfc062723c751e8b465ee728b)  -> (artifact id: '00000000000000000000000000000000') in 0.000789 seconds
  ERROR: Build asset version error: assets/scripts/menues and ui dialogs/areyousuredialog.cs in SourceAssetDB has modification time of '2021-08-01T20:56:57.9452303Z' while content on disk has modification time of '2021-08-01T20:58:59.7007455Z'
  Import took 0.005267 seconds .

========================================================================
Received Import Request.
  Time since last request: 0.051055 seconds.
  path: Assets/Scripts/Menues and UI Dialogs/AreYouSureDialog.cs
  artifactKey: Guid(aa76929f2cebbe5488a3aaf1cf5de2ad) Importer(815301076,1909f56bfc062723c751e8b465ee728b)
Start importing Assets/Scripts/Menues and UI Dialogs/AreYouSureDialog.cs using Guid(aa76929f2cebbe5488a3aaf1cf5de2ad) Importer(815301076,1909f56bfc062723c751e8b465ee728b)  -> (artifact id: '00000000000000000000000000000000') in 0.000390 seconds
  ERROR: Build asset version error: assets/scripts/menues and ui dialogs/areyousuredialog.cs in SourceAssetDB has modification time of '2021-08-01T20:56:57.9452303Z' while content on disk has modification time of '2021-08-01T20:58:59.7007455Z'
  Import took 0.022129 seconds .

========================================================================
Received Import Request.
  Time since last request: 0.144282 seconds.
  path: Assets/Scripts/Menues and UI Dialogs/AreYouSureDialog.cs
  artifactKey: Guid(aa76929f2cebbe5488a3aaf1cf5de2ad) Importer(815301076,1909f56bfc062723c751e8b465ee728b)
Start importing Assets/Scripts/Menues and UI Dialogs/AreYouSureDialog.cs using Guid(aa76929f2cebbe5488a3aaf1cf5de2ad) Importer(815301076,1909f56bfc062723c751e8b465ee728b)  -> (artifact id: '00000000000000000000000000000000') in 0.000924 seconds
  ERROR: Build asset version error: assets/scripts/menues and ui dialogs/areyousuredialog.cs in SourceAssetDB has modification time of '2021-08-01T20:56:57.9452303Z' while content on disk has modification time of '2021-08-01T20:58:59.7007455Z'
  Import took 0.005107 seconds .

========================================================================
Received Import Request.
  Time since last request: 0.041685 seconds.
  path: Assets/Scripts/Menues and UI Dialogs/AreYouSureDialog.cs
  artifactKey: Guid(aa76929f2cebbe5488a3aaf1cf5de2ad) Importer(815301076,1909f56bfc062723c751e8b465ee728b)
Start importing Assets/Scripts/Menues and UI Dialogs/AreYouSureDialog.cs using Guid(aa76929f2cebbe5488a3aaf1cf5de2ad) Importer(815301076,1909f56bfc062723c751e8b465ee728b)  -> (artifact id: '00000000000000000000000000000000') in 0.000314 seconds
  ERROR: Build asset version error: assets/scripts/menues and ui dialogs/areyousuredialog.cs in SourceAssetDB has modification time of '2021-08-01T20:56:57.9452303Z' while content on disk has modification time of '2021-08-01T20:58:59.7007455Z'
  Import took 0.008035 seconds .

========================================================================
Received Import Request.
  Time since last request: 0.040013 seconds.
  path: Assets/Scripts/Menues and UI Dialogs/AreYouSureDialog.cs
  artifactKey: Guid(aa76929f2cebbe5488a3aaf1cf5de2ad) Importer(815301076,1909f56bfc062723c751e8b465ee728b)
Start importing Assets/Scripts/Menues and UI Dialogs/AreYouSureDialog.cs using Guid(aa76929f2cebbe5488a3aaf1cf5de2ad) Importer(815301076,1909f56bfc062723c751e8b465ee728b)  -> (artifact id: '00000000000000000000000000000000') in 0.001200 seconds
  ERROR: Build asset version error: assets/scripts/menues and ui dialogs/areyousuredialog.cs in SourceAssetDB has modification time of '2021-08-01T20:56:57.9452303Z' while content on disk has modification time of '2021-08-01T20:58:59.7007455Z'
  Import took 0.016221 seconds .

========================================================================
Received Import Request.
  Time since last request: 0.131350 seconds.
  path: Assets/Scripts/Menues and UI Dialogs/AreYouSureDialog.cs
  artifactKey: Guid(aa76929f2cebbe5488a3aaf1cf5de2ad) Importer(815301076,1909f56bfc062723c751e8b465ee728b)
Start importing Assets/Scripts/Menues and UI Dialogs/AreYouSureDialog.cs using Guid(aa76929f2cebbe5488a3aaf1cf5de2ad) Importer(815301076,1909f56bfc062723c751e8b465ee728b)  -> (artifact id: '00000000000000000000000000000000') in 0.000298 seconds
  ERROR: Build asset version error: assets/scripts/menues and ui dialogs/areyousuredialog.cs in SourceAssetDB has modification time of '2021-08-01T20:56:57.9452303Z' while content on disk has modification time of '2021-08-01T20:58:59.7007455Z'
  Import took 0.003481 seconds .

========================================================================
Received Import Request.
  Time since last request: 0.039698 seconds.
  path: Assets/Scripts/Menues and UI Dialogs/AreYouSureDialog.cs
  artifactKey: Guid(aa76929f2cebbe5488a3aaf1cf5de2ad) Importer(815301076,1909f56bfc062723c751e8b465ee728b)
Start importing Assets/Scripts/Menues and UI Dialogs/AreYouSureDialog.cs using Guid(aa76929f2cebbe5488a3aaf1cf5de2ad) Importer(815301076,1909f56bfc062723c751e8b465ee728b)  -> (artifact id: '00000000000000000000000000000000') in 0.000394 seconds
  ERROR: Build asset version error: assets/scripts/menues and ui dialogs/areyousuredialog.cs in SourceAssetDB has modification time of '2021-08-01T20:56:57.9452303Z' while content on disk has modification time of '2021-08-01T20:58:59.7007455Z'
  Import took 0.003631 seconds .

========================================================================
Received Import Request.
  Time since last request: 0.030883 seconds.
  path: Assets/Scripts/Menues and UI Dialogs/AreYouSureDialog.cs
  artifactKey: Guid(aa76929f2cebbe5488a3aaf1cf5de2ad) Importer(815301076,1909f56bfc062723c751e8b465ee728b)
Start importing Assets/Scripts/Menues and UI Dialogs/AreYouSureDialog.cs using Guid(aa76929f2cebbe5488a3aaf1cf5de2ad) Importer(815301076,1909f56bfc062723c751e8b465ee728b)  -> (artifact id: '00000000000000000000000000000000') in 0.000356 seconds
  ERROR: Build asset version error: assets/scripts/menues and ui dialogs/areyousuredialog.cs in SourceAssetDB has modification time of '2021-08-01T20:56:57.9452303Z' while content on disk has modification time of '2021-08-01T20:58:59.7007455Z'
  Import took 0.003566 seconds .

========================================================================
Received Import Request.
  Time since last request: 0.032080 seconds.
  path: Assets/Scripts/Menues and UI Dialogs/AreYouSureDialog.cs
  artifactKey: Guid(aa76929f2cebbe5488a3aaf1cf5de2ad) Importer(815301076,1909f56bfc062723c751e8b465ee728b)
Start importing Assets/Scripts/Menues and UI Dialogs/AreYouSureDialog.cs using Guid(aa76929f2cebbe5488a3aaf1cf5de2ad) Importer(815301076,1909f56bfc062723c751e8b465ee728b)  -> (artifact id: '00000000000000000000000000000000') in 0.000360 seconds
  ERROR: Build asset version error: assets/scripts/menues and ui dialogs/areyousuredialog.cs in SourceAssetDB has modification time of '2021-08-01T20:56:57.9452303Z' while content on disk has modification time of '2021-08-01T20:58:59.7007455Z'
  Import took 0.006855 seconds .

========================================================================
Received Import Request.
  Time since last request: 0.034564 seconds.
  path: Assets/Scripts/Menues and UI Dialogs/AreYouSureDialog.cs
  artifactKey: Guid(aa76929f2cebbe5488a3aaf1cf5de2ad) Importer(815301076,1909f56bfc062723c751e8b465ee728b)
Start importing Assets/Scripts/Menues and UI Dialogs/AreYouSureDialog.cs using Guid(aa76929f2cebbe5488a3aaf1cf5de2ad) Importer(815301076,1909f56bfc062723c751e8b465ee728b)  -> (artifact id: '00000000000000000000000000000000') in 0.000370 seconds
  ERROR: Build asset version error: assets/scripts/menues and ui dialogs/areyousuredialog.cs in SourceAssetDB has modification time of '2021-08-01T20:56:57.9452303Z' while content on disk has modification time of '2021-08-01T20:58:59.7007455Z'
  Import took 0.003629 seconds .

========================================================================
Received Import Request.
  Time since last request: 0.031313 seconds.
  path: Assets/Scripts/Menues and UI Dialogs/AreYouSureDialog.cs
  artifactKey: Guid(aa76929f2cebbe5488a3aaf1cf5de2ad) Importer(815301076,1909f56bfc062723c751e8b465ee728b)
Start importing Assets/Scripts/Menues and UI Dialogs/AreYouSureDialog.cs using Guid(aa76929f2cebbe5488a3aaf1cf5de2ad) Importer(815301076,1909f56bfc062723c751e8b465ee728b)  -> (artifact id: '00000000000000000000000000000000') in 0.000369 seconds
  ERROR: Build asset version error: assets/scripts/menues and ui dialogs/areyousuredialog.cs in SourceAssetDB has modification time of '2021-08-01T20:56:57.9452303Z' while content on disk has modification time of '2021-08-01T20:58:59.7007455Z'
  Import took 0.003565 seconds .

========================================================================
Received Import Request.
  Time since last request: 0.035828 seconds.
  path: Assets/Scripts/Menues and UI Dialogs/AreYouSureDialog.cs
  artifactKey: Guid(aa76929f2cebbe5488a3aaf1cf5de2ad) Importer(815301076,1909f56bfc062723c751e8b465ee728b)
Start importing Assets/Scripts/Menues and UI Dialogs/AreYouSureDialog.cs using Guid(aa76929f2cebbe5488a3aaf1cf5de2ad) Importer(815301076,1909f56bfc062723c751e8b465ee728b)  -> (artifact id: '00000000000000000000000000000000') in 0.000441 seconds
  ERROR: Build asset version error: assets/scripts/menues and ui dialogs/areyousuredialog.cs in SourceAssetDB has modification time of '2021-08-01T20:56:57.9452303Z' while content on disk has modification time of '2021-08-01T20:58:59.7007455Z'
  Import took 0.003954 seconds .

========================================================================
Received Import Request.
  Time since last request: 0.030303 seconds.
  path: Assets/Scripts/Menues and UI Dialogs/AreYouSureDialog.cs
  artifactKey: Guid(aa76929f2cebbe5488a3aaf1cf5de2ad) Importer(815301076,1909f56bfc062723c751e8b465ee728b)
Start importing Assets/Scripts/Menues and UI Dialogs/AreYouSureDialog.cs using Guid(aa76929f2cebbe5488a3aaf1cf5de2ad) Importer(815301076,1909f56bfc062723c751e8b465ee728b)  -> (artifact id: '00000000000000000000000000000000') in 0.000411 seconds
  ERROR: Build asset version error: assets/scripts/menues and ui dialogs/areyousuredialog.cs in SourceAssetDB has modification time of '2021-08-01T20:56:57.9452303Z' while content on disk has modification time of '2021-08-01T20:58:59.7007455Z'
  Import took 0.003608 seconds .

========================================================================
Received Import Request.
  Time since last request: 0.030617 seconds.
  path: Assets/Scripts/Menues and UI Dialogs/AreYouSureDialog.cs
  artifactKey: Guid(aa76929f2cebbe5488a3aaf1cf5de2ad) Importer(815301076,1909f56bfc062723c751e8b465ee728b)
Start importing Assets/Scripts/Menues and UI Dialogs/AreYouSureDialog.cs using Guid(aa76929f2cebbe5488a3aaf1cf5de2ad) Importer(815301076,1909f56bfc062723c751e8b465ee728b)  -> (artifact id: '00000000000000000000000000000000') in 0.000518 seconds
  ERROR: Build asset version error: assets/scripts/menues and ui dialogs/areyousuredialog.cs in SourceAssetDB has modification time of '2021-08-01T20:56:57.9452303Z' while content on disk has modification time of '2021-08-01T20:58:59.7007455Z'
  Import took 0.003650 seconds .

========================================================================
Received Import Request.
  Time since last request: 0.029861 seconds.
  path: Assets/Scripts/Menues and UI Dialogs/AreYouSureDialog.cs
  artifactKey: Guid(aa76929f2cebbe5488a3aaf1cf5de2ad) Importer(815301076,1909f56bfc062723c751e8b465ee728b)
Start importing Assets/Scripts/Menues and UI Dialogs/AreYouSureDialog.cs using Guid(aa76929f2cebbe5488a3aaf1cf5de2ad) Importer(815301076,1909f56bfc062723c751e8b465ee728b)  -> (artifact id: '00000000000000000000000000000000') in 0.000366 seconds
  ERROR: Build asset version error: assets/scripts/menues and ui dialogs/areyousuredialog.cs in SourceAssetDB has modification time of '2021-08-01T20:56:57.9452303Z' while content on disk has modification time of '2021-08-01T20:58:59.7007455Z'
  Import took 0.003610 seconds .

========================================================================
Received Import Request.
  Time since last request: 0.030198 seconds.
  path: Assets/Scripts/Menues and UI Dialogs/AreYouSureDialog.cs
  artifactKey: Guid(aa76929f2cebbe5488a3aaf1cf5de2ad) Importer(815301076,1909f56bfc062723c751e8b465ee728b)
Start importing Assets/Scripts/Menues and UI Dialogs/AreYouSureDialog.cs using Guid(aa76929f2cebbe5488a3aaf1cf5de2ad) Importer(815301076,1909f56bfc062723c751e8b465ee728b)  -> (artifact id: '00000000000000000000000000000000') in 0.000369 seconds
  ERROR: Build asset version error: assets/scripts/menues and ui dialogs/areyousuredialog.cs in SourceAssetDB has modification time of '2021-08-01T20:56:57.9452303Z' while content on disk has modification time of '2021-08-01T20:58:59.7007455Z'
  Import took 0.004725 seconds .

========================================================================
Received Import Request.
  Time since last request: 0.034676 seconds.
  path: Assets/Scripts/Menues and UI Dialogs/AreYouSureDialog.cs
  artifactKey: Guid(aa76929f2cebbe5488a3aaf1cf5de2ad) Importer(815301076,1909f56bfc062723c751e8b465ee728b)
Start importing Assets/Scripts/Menues and UI Dialogs/AreYouSureDialog.cs using Guid(aa76929f2cebbe5488a3aaf1cf5de2ad) Importer(815301076,1909f56bfc062723c751e8b465ee728b)  -> (artifact id: '00000000000000000000000000000000') in 0.000404 seconds
  ERROR: Build asset version error: assets/scripts/menues and ui dialogs/areyousuredialog.cs in SourceAssetDB has modification time of '2021-08-01T20:56:57.9452303Z' while content on disk has modification time of '2021-08-01T20:58:59.7007455Z'
  Import took 0.003548 seconds .

========================================================================
Received Import Request.
  Time since last request: 0.030515 seconds.
  path: Assets/Scripts/Menues and UI Dialogs/AreYouSureDialog.cs
  artifactKey: Guid(aa76929f2cebbe5488a3aaf1cf5de2ad) Importer(815301076,1909f56bfc062723c751e8b465ee728b)
Start importing Assets/Scripts/Menues and UI Dialogs/AreYouSureDialog.cs using Guid(aa76929f2cebbe5488a3aaf1cf5de2ad) Importer(815301076,1909f56bfc062723c751e8b465ee728b)  -> (artifact id: '00000000000000000000000000000000') in 0.000407 seconds
  ERROR: Build asset version error: assets/scripts/menues and ui dialogs/areyousuredialog.cs in SourceAssetDB has modification time of '2021-08-01T20:56:57.9452303Z' while content on disk has modification time of '2021-08-01T20:58:59.7007455Z'
  Import took 0.003614 seconds .

========================================================================
Received Import Request.
  Time since last request: 0.078653 seconds.
  path: Assets/Scripts/Menues and UI Dialogs/AreYouSureDialog.cs
  artifactKey: Guid(aa76929f2cebbe5488a3aaf1cf5de2ad) Importer(815301076,1909f56bfc062723c751e8b465ee728b)
Start importing Assets/Scripts/Menues and UI Dialogs/AreYouSureDialog.cs using Guid(aa76929f2cebbe5488a3aaf1cf5de2ad) Importer(815301076,1909f56bfc062723c751e8b465ee728b)  -> (artifact id: '00000000000000000000000000000000') in 0.000412 seconds
  ERROR: Build asset version error: assets/scripts/menues and ui dialogs/areyousuredialog.cs in SourceAssetDB has modification time of '2021-08-01T20:56:57.9452303Z' while content on disk has modification time of '2021-08-01T20:58:59.7007455Z'
  Import took 0.004410 seconds .

========================================================================
Received Import Request.
  Time since last request: 0.125231 seconds.
  path: Assets/Scripts/Menues and UI Dialogs/AreYouSureDialog.cs
  artifactKey: Guid(aa76929f2cebbe5488a3aaf1cf5de2ad) Importer(815301076,1909f56bfc062723c751e8b465ee728b)
Start importing Assets/Scripts/Menues and UI Dialogs/AreYouSureDialog.cs using Guid(aa76929f2cebbe5488a3aaf1cf5de2ad) Importer(815301076,1909f56bfc062723c751e8b465ee728b)  -> (artifact id: '00000000000000000000000000000000') in 0.000641 seconds
  ERROR: Build asset version error: assets/scripts/menues and ui dialogs/areyousuredialog.cs in SourceAssetDB has modification time of '2021-08-01T20:56:57.9452303Z' while content on disk has modification time of '2021-08-01T20:58:59.7007455Z'
  Import took 0.004806 seconds .

========================================================================
Received Import Request.
  Time since last request: 0.038148 seconds.
  path: Assets/Scripts/Menues and UI Dialogs/AreYouSureDialog.cs
  artifactKey: Guid(aa76929f2cebbe5488a3aaf1cf5de2ad) Importer(815301076,1909f56bfc062723c751e8b465ee728b)
Start importing Assets/Scripts/Menues and UI Dialogs/AreYouSureDialog.cs using Guid(aa76929f2cebbe5488a3aaf1cf5de2ad) Importer(815301076,1909f56bfc062723c751e8b465ee728b)  -> (artifact id: '00000000000000000000000000000000') in 0.000874 seconds
  ERROR: Build asset version error: assets/scripts/menues and ui dialogs/areyousuredialog.cs in SourceAssetDB has modification time of '2021-08-01T20:56:57.9452303Z' while content on disk has modification time of '2021-08-01T20:58:59.7007455Z'
  Import took 0.004939 seconds .

========================================================================
Received Import Request.
  Time since last request: 0.039955 seconds.
  path: Assets/Scripts/Menues and UI Dialogs/AreYouSureDialog.cs
  artifactKey: Guid(aa76929f2cebbe5488a3aaf1cf5de2ad) Importer(815301076,1909f56bfc062723c751e8b465ee728b)
Start importing Assets/Scripts/Menues and UI Dialogs/AreYouSureDialog.cs using Guid(aa76929f2cebbe5488a3aaf1cf5de2ad) Importer(815301076,1909f56bfc062723c751e8b465ee728b)  -> (artifact id: '00000000000000000000000000000000') in 0.000447 seconds
  ERROR: Build asset version error: assets/scripts/menues and ui dialogs/areyousuredialog.cs in SourceAssetDB has modification time of '2021-08-01T20:56:57.9452303Z' while content on disk has modification time of '2021-08-01T20:58:59.7007455Z'
  Import took 0.004789 seconds .

========================================================================
Received Import Request.
  Time since last request: 0.033088 seconds.
  path: Assets/Scripts/Menues and UI Dialogs/AreYouSureDialog.cs
  artifactKey: Guid(aa76929f2cebbe5488a3aaf1cf5de2ad) Importer(815301076,1909f56bfc062723c751e8b465ee728b)
Start importing Assets/Scripts/Menues and UI Dialogs/AreYouSureDialog.cs using Guid(aa76929f2cebbe5488a3aaf1cf5de2ad) Importer(815301076,1909f56bfc062723c751e8b465ee728b)  -> (artifact id: '00000000000000000000000000000000') in 0.000481 seconds
  ERROR: Build asset version error: assets/scripts/menues and ui dialogs/areyousuredialog.cs in SourceAssetDB has modification time of '2021-08-01T20:56:57.9452303Z' while content on disk has modification time of '2021-08-01T20:58:59.7007455Z'
  Import took 0.004174 seconds .

========================================================================
Received Import Request.
  Time since last request: 0.036865 seconds.
  path: Assets/Scripts/Menues and UI Dialogs/AreYouSureDialog.cs
  artifactKey: Guid(aa76929f2cebbe5488a3aaf1cf5de2ad) Importer(815301076,1909f56bfc062723c751e8b465ee728b)
Start importing Assets/Scripts/Menues and UI Dialogs/AreYouSureDialog.cs using Guid(aa76929f2cebbe5488a3aaf1cf5de2ad) Importer(815301076,1909f56bfc062723c751e8b465ee728b)  -> (artifact id: '00000000000000000000000000000000') in 0.002366 seconds
  ERROR: Build asset version error: assets/scripts/menues and ui dialogs/areyousuredialog.cs in SourceAssetDB has modification time of '2021-08-01T20:56:57.9452303Z' while content on disk has modification time of '2021-08-01T20:58:59.7007455Z'
  Import took 0.005869 seconds .

========================================================================
Received Import Request.
  Time since last request: 0.036030 seconds.
  path: Assets/Scripts/Menues and UI Dialogs/AreYouSureDialog.cs
  artifactKey: Guid(aa76929f2cebbe5488a3aaf1cf5de2ad) Importer(815301076,1909f56bfc062723c751e8b465ee728b)
Start importing Assets/Scripts/Menues and UI Dialogs/AreYouSureDialog.cs using Guid(aa76929f2cebbe5488a3aaf1cf5de2ad) Importer(815301076,1909f56bfc062723c751e8b465ee728b)  -> (artifact id: '00000000000000000000000000000000') in 0.000645 seconds
  ERROR: Build asset version error: assets/scripts/menues and ui dialogs/areyousuredialog.cs in SourceAssetDB has modification time of '2021-08-01T20:56:57.9452303Z' while content on disk has modification time of '2021-08-01T20:58:59.7007455Z'
  Import took 0.005715 seconds .

========================================================================
Received Import Request.
  Time since last request: 0.039662 seconds.
  path: Assets/Scripts/Menues and UI Dialogs/AreYouSureDialog.cs
  artifactKey: Guid(aa76929f2cebbe5488a3aaf1cf5de2ad) Importer(815301076,1909f56bfc062723c751e8b465ee728b)
Start importing Assets/Scripts/Menues and UI Dialogs/AreYouSureDialog.cs using Guid(aa76929f2cebbe5488a3aaf1cf5de2ad) Importer(815301076,1909f56bfc062723c751e8b465ee728b)  -> (artifact id: '00000000000000000000000000000000') in 0.000626 seconds
  ERROR: Build asset version error: assets/scripts/menues and ui dialogs/areyousuredialog.cs in SourceAssetDB has modification time of '2021-08-01T20:56:57.9452303Z' while content on disk has modification time of '2021-08-01T20:58:59.7007455Z'
  Import took 0.005517 seconds .

========================================================================
Received Import Request.
  Time since last request: 0.038304 seconds.
  path: Assets/Scripts/Menues and UI Dialogs/AreYouSureDialog.cs
  artifactKey: Guid(aa76929f2cebbe5488a3aaf1cf5de2ad) Importer(815301076,1909f56bfc062723c751e8b465ee728b)
Start importing Assets/Scripts/Menues and UI Dialogs/AreYouSureDialog.cs using Guid(aa76929f2cebbe5488a3aaf1cf5de2ad) Importer(815301076,1909f56bfc062723c751e8b465ee728b)  -> (artifact id: '00000000000000000000000000000000') in 0.000386 seconds
  ERROR: Build asset version error: assets/scripts/menues and ui dialogs/areyousuredialog.cs in SourceAssetDB has modification time of '2021-08-01T20:56:57.9452303Z' while content on disk has modification time of '2021-08-01T20:58:59.7007455Z'
  Import took 0.003620 seconds .

========================================================================
Received Import Request.
  Time since last request: 0.041266 seconds.
  path: Assets/Scripts/Menues and UI Dialogs/AreYouSureDialog.cs
  artifactKey: Guid(aa76929f2cebbe5488a3aaf1cf5de2ad) Importer(815301076,1909f56bfc062723c751e8b465ee728b)
Start importing Assets/Scripts/Menues and UI Dialogs/AreYouSureDialog.cs using Guid(aa76929f2cebbe5488a3aaf1cf5de2ad) Importer(815301076,1909f56bfc062723c751e8b465ee728b)  -> (artifact id: '00000000000000000000000000000000') in 0.001854 seconds
  ERROR: Build asset version error: assets/scripts/menues and ui dialogs/areyousuredialog.cs in SourceAssetDB has modification time of '2021-08-01T20:56:57.9452303Z' while content on disk has modification time of '2021-08-01T20:58:59.7007455Z'
  Import took 0.005654 seconds .

========================================================================
Received Import Request.
  Time since last request: 0.038322 seconds.
  path: Assets/Scripts/Menues and UI Dialogs/AreYouSureDialog.cs
  artifactKey: Guid(aa76929f2cebbe5488a3aaf1cf5de2ad) Importer(815301076,1909f56bfc062723c751e8b465ee728b)
Start importing Assets/Scripts/Menues and UI Dialogs/AreYouSureDialog.cs using Guid(aa76929f2cebbe5488a3aaf1cf5de2ad) Importer(815301076,1909f56bfc062723c751e8b465ee728b)  -> (artifact id: '00000000000000000000000000000000') in 0.002756 seconds
  ERROR: Build asset version error: assets/scripts/menues and ui dialogs/areyousuredialog.cs in SourceAssetDB has modification time of '2021-08-01T20:56:57.9452303Z' while content on disk has modification time of '2021-08-01T20:58:59.7007455Z'
  Import took 0.005962 seconds .

========================================================================
Received Import Request.
  Time since last request: 0.036119 seconds.
  path: Assets/Scripts/Menues and UI Dialogs/AreYouSureDialog.cs
  artifactKey: Guid(aa76929f2cebbe5488a3aaf1cf5de2ad) Importer(815301076,1909f56bfc062723c751e8b465ee728b)
Start importing Assets/Scripts/Menues and UI Dialogs/AreYouSureDialog.cs using Guid(aa76929f2cebbe5488a3aaf1cf5de2ad) Importer(815301076,1909f56bfc062723c751e8b465ee728b)  -> (artifact id: '00000000000000000000000000000000') in 0.000407 seconds
  ERROR: Build asset version error: assets/scripts/menues and ui dialogs/areyousuredialog.cs in SourceAssetDB has modification time of '2021-08-01T20:56:57.9452303Z' while content on disk has modification time of '2021-08-01T20:58:59.7007455Z'
  Import took 0.004077 seconds .

========================================================================
Received Import Request.
  Time since last request: 0.031329 seconds.
  path: Assets/Scripts/Menues and UI Dialogs/AreYouSureDialog.cs
  artifactKey: Guid(aa76929f2cebbe5488a3aaf1cf5de2ad) Importer(815301076,1909f56bfc062723c751e8b465ee728b)
Start importing Assets/Scripts/Menues and UI Dialogs/AreYouSureDialog.cs using Guid(aa76929f2cebbe5488a3aaf1cf5de2ad) Importer(815301076,1909f56bfc062723c751e8b465ee728b)  -> (artifact id: '00000000000000000000000000000000') in 0.000758 seconds
  ERROR: Build asset version error: assets/scripts/menues and ui dialogs/areyousuredialog.cs in SourceAssetDB has modification time of '2021-08-01T20:56:57.9452303Z' while content on disk has modification time of '2021-08-01T20:58:59.7007455Z'
  Import took 0.004386 seconds .

========================================================================
Received Import Request.
  Time since last request: 0.040024 seconds.
  path: Assets/Scripts/Menues and UI Dialogs/AreYouSureDialog.cs
  artifactKey: Guid(aa76929f2cebbe5488a3aaf1cf5de2ad) Importer(815301076,1909f56bfc062723c751e8b465ee728b)
Start importing Assets/Scripts/Menues and UI Dialogs/AreYouSureDialog.cs using Guid(aa76929f2cebbe5488a3aaf1cf5de2ad) Importer(815301076,1909f56bfc062723c751e8b465ee728b)  -> (artifact id: '00000000000000000000000000000000') in 0.001487 seconds
  ERROR: Build asset version error: assets/scripts/menues and ui dialogs/areyousuredialog.cs in SourceAssetDB has modification time of '2021-08-01T20:56:57.9452303Z' while content on disk has modification time of '2021-08-01T20:58:59.7007455Z'
  Import took 0.004939 seconds .

========================================================================
Received Import Request.
  Time since last request: 0.037564 seconds.
  path: Assets/Scripts/Menues and UI Dialogs/AreYouSureDialog.cs
  artifactKey: Guid(aa76929f2cebbe5488a3aaf1cf5de2ad) Importer(815301076,1909f56bfc062723c751e8b465ee728b)
Start importing Assets/Scripts/Menues and UI Dialogs/AreYouSureDialog.cs using Guid(aa76929f2cebbe5488a3aaf1cf5de2ad) Importer(815301076,1909f56bfc062723c751e8b465ee728b)  -> (artifact id: '00000000000000000000000000000000') in 0.000413 seconds
  ERROR: Build asset version error: assets/scripts/menues and ui dialogs/areyousuredialog.cs in SourceAssetDB has modification time of '2021-08-01T20:56:57.9452303Z' while content on disk has modification time of '2021-08-01T20:58:59.7007455Z'
  Import took 0.004383 seconds .

========================================================================
Received Import Request.
  Time since last request: 0.031229 seconds.
  path: Assets/Scripts/Menues and UI Dialogs/AreYouSureDialog.cs
  artifactKey: Guid(aa76929f2cebbe5488a3aaf1cf5de2ad) Importer(815301076,1909f56bfc062723c751e8b465ee728b)
Start importing Assets/Scripts/Menues and UI Dialogs/AreYouSureDialog.cs using Guid(aa76929f2cebbe5488a3aaf1cf5de2ad) Importer(815301076,1909f56bfc062723c751e8b465ee728b)  -> (artifact id: '00000000000000000000000000000000') in 0.000412 seconds
  ERROR: Build asset version error: assets/scripts/menues and ui dialogs/areyousuredialog.cs in SourceAssetDB has modification time of '2021-08-01T20:56:57.9452303Z' while content on disk has modification time of '2021-08-01T20:58:59.7007455Z'
  Import took 0.003536 seconds .

========================================================================
Received Import Request.
  Time since last request: 0.033599 seconds.
  path: Assets/Scripts/Menues and UI Dialogs/AreYouSureDialog.cs
  artifactKey: Guid(aa76929f2cebbe5488a3aaf1cf5de2ad) Importer(815301076,1909f56bfc062723c751e8b465ee728b)
Start importing Assets/Scripts/Menues and UI Dialogs/AreYouSureDialog.cs using Guid(aa76929f2cebbe5488a3aaf1cf5de2ad) Importer(815301076,1909f56bfc062723c751e8b465ee728b)  -> (artifact id: '00000000000000000000000000000000') in 0.000471 seconds
  ERROR: Build asset version error: assets/scripts/menues and ui dialogs/areyousuredialog.cs in SourceAssetDB has modification time of '2021-08-01T20:56:57.9452303Z' while content on disk has modification time of '2021-08-01T20:58:59.7007455Z'
  Import took 0.004456 seconds .

========================================================================
Received Import Request.
  Time since last request: 0.034631 seconds.
  path: Assets/Scripts/Menues and UI Dialogs/AreYouSureDialog.cs
  artifactKey: Guid(aa76929f2cebbe5488a3aaf1cf5de2ad) Importer(815301076,1909f56bfc062723c751e8b465ee728b)
Start importing Assets/Scripts/Menues and UI Dialogs/AreYouSureDialog.cs using Guid(aa76929f2cebbe5488a3aaf1cf5de2ad) Importer(815301076,1909f56bfc062723c751e8b465ee728b)  -> (artifact id: '00000000000000000000000000000000') in 0.000409 seconds
  ERROR: Build asset version error: assets/scripts/menues and ui dialogs/areyousuredialog.cs in SourceAssetDB has modification time of '2021-08-01T20:56:57.9452303Z' while content on disk has modification time of '2021-08-01T20:58:59.7007455Z'
  Import took 0.004444 seconds .

========================================================================
Received Import Request.
  Time since last request: 0.032036 seconds.
  path: Assets/Scripts/Menues and UI Dialogs/AreYouSureDialog.cs
  artifactKey: Guid(aa76929f2cebbe5488a3aaf1cf5de2ad) Importer(815301076,1909f56bfc062723c751e8b465ee728b)
Start importing Assets/Scripts/Menues and UI Dialogs/AreYouSureDialog.cs using Guid(aa76929f2cebbe5488a3aaf1cf5de2ad) Importer(815301076,1909f56bfc062723c751e8b465ee728b)  -> (artifact id: '00000000000000000000000000000000') in 0.000415 seconds
  ERROR: Build asset version error: assets/scripts/menues and ui dialogs/areyousuredialog.cs in SourceAssetDB has modification time of '2021-08-01T20:56:57.9452303Z' while content on disk has modification time of '2021-08-01T20:58:59.7007455Z'
  Import took 0.003644 seconds .

========================================================================
Received Import Request.
  Time since last request: 0.033685 seconds.
  path: Assets/Scripts/Menues and UI Dialogs/AreYouSureDialog.cs
  artifactKey: Guid(aa76929f2cebbe5488a3aaf1cf5de2ad) Importer(815301076,1909f56bfc062723c751e8b465ee728b)
Start importing Assets/Scripts/Menues and UI Dialogs/AreYouSureDialog.cs using Guid(aa76929f2cebbe5488a3aaf1cf5de2ad) Importer(815301076,1909f56bfc062723c751e8b465ee728b)  -> (artifact id: '00000000000000000000000000000000') in 0.001209 seconds
  ERROR: Build asset version error: assets/scripts/menues and ui dialogs/areyousuredialog.cs in SourceAssetDB has modification time of '2021-08-01T20:56:57.9452303Z' while content on disk has modification time of '2021-08-01T20:58:59.7007455Z'
  Import took 0.004630 seconds .

========================================================================
Received Import Request.
  Time since last request: 0.030573 seconds.
  path: Assets/Scripts/Menues and UI Dialogs/AreYouSureDialog.cs
  artifactKey: Guid(aa76929f2cebbe5488a3aaf1cf5de2ad) Importer(815301076,1909f56bfc062723c751e8b465ee728b)
Start importing Assets/Scripts/Menues and UI Dialogs/AreYouSureDialog.cs using Guid(aa76929f2cebbe5488a3aaf1cf5de2ad) Importer(815301076,1909f56bfc062723c751e8b465ee728b)  -> (artifact id: '00000000000000000000000000000000') in 0.000461 seconds
  ERROR: Build asset version error: assets/scripts/menues and ui dialogs/areyousuredialog.cs in SourceAssetDB has modification time of '2021-08-01T20:56:57.9452303Z' while content on disk has modification time of '2021-08-01T20:58:59.7007455Z'
  Import took 0.003755 seconds .

========================================================================
Received Import Request.
  Time since last request: 0.030638 seconds.
  path: Assets/Scripts/Menues and UI Dialogs/AreYouSureDialog.cs
  artifactKey: Guid(aa76929f2cebbe5488a3aaf1cf5de2ad) Importer(815301076,1909f56bfc062723c751e8b465ee728b)
Start importing Assets/Scripts/Menues and UI Dialogs/AreYouSureDialog.cs using Guid(aa76929f2cebbe5488a3aaf1cf5de2ad) Importer(815301076,1909f56bfc062723c751e8b465ee728b)  -> (artifact id: '00000000000000000000000000000000') in 0.000371 seconds
  ERROR: Build asset version error: assets/scripts/menues and ui dialogs/areyousuredialog.cs in SourceAssetDB has modification time of '2021-08-01T20:56:57.9452303Z' while content on disk has modification time of '2021-08-01T20:58:59.7007455Z'
  Import took 0.003815 seconds .

========================================================================
Received Import Request.
  Time since last request: 0.034724 seconds.
  path: Assets/Scripts/Menues and UI Dialogs/AreYouSureDialog.cs
  artifactKey: Guid(aa76929f2cebbe5488a3aaf1cf5de2ad) Importer(815301076,1909f56bfc062723c751e8b465ee728b)
Start importing Assets/Scripts/Menues and UI Dialogs/AreYouSureDialog.cs using Guid(aa76929f2cebbe5488a3aaf1cf5de2ad) Importer(815301076,1909f56bfc062723c751e8b465ee728b)  -> (artifact id: '00000000000000000000000000000000') in 0.000408 seconds
  ERROR: Build asset version error: assets/scripts/menues and ui dialogs/areyousuredialog.cs in SourceAssetDB has modification time of '2021-08-01T20:56:57.9452303Z' while content on disk has modification time of '2021-08-01T20:58:59.7007455Z'
  Import took 0.003724 seconds .

========================================================================
Received Import Request.
  Time since last request: 0.030039 seconds.
  path: Assets/Scripts/Menues and UI Dialogs/AreYouSureDialog.cs
  artifactKey: Guid(aa76929f2cebbe5488a3aaf1cf5de2ad) Importer(815301076,1909f56bfc062723c751e8b465ee728b)
Start importing Assets/Scripts/Menues and UI Dialogs/AreYouSureDialog.cs using Guid(aa76929f2cebbe5488a3aaf1cf5de2ad) Importer(815301076,1909f56bfc062723c751e8b465ee728b)  -> (artifact id: '00000000000000000000000000000000') in 0.000698 seconds
  ERROR: Build asset version error: assets/scripts/menues and ui dialogs/areyousuredialog.cs in SourceAssetDB has modification time of '2021-08-01T20:56:57.9452303Z' while content on disk has modification time of '2021-08-01T20:58:59.7007455Z'
  Import took 0.004363 seconds .

========================================================================
Received Import Request.
  Time since last request: 0.036368 seconds.
  path: Assets/Scripts/Menues and UI Dialogs/AreYouSureDialog.cs
  artifactKey: Guid(aa76929f2cebbe5488a3aaf1cf5de2ad) Importer(815301076,1909f56bfc062723c751e8b465ee728b)
Start importing Assets/Scripts/Menues and UI Dialogs/AreYouSureDialog.cs using Guid(aa76929f2cebbe5488a3aaf1cf5de2ad) Importer(815301076,1909f56bfc062723c751e8b465ee728b)  -> (artifact id: '00000000000000000000000000000000') in 0.001805 seconds
  ERROR: Build asset version error: assets/scripts/menues and ui dialogs/areyousuredialog.cs in SourceAssetDB has modification time of '2021-08-01T20:56:57.9452303Z' while content on disk has modification time of '2021-08-01T20:58:59.7007455Z'
  Import took 0.005443 seconds .

========================================================================
Received Import Request.
  Time since last request: 0.032086 seconds.
  path: Assets/Scripts/Menues and UI Dialogs/AreYouSureDialog.cs
  artifactKey: Guid(aa76929f2cebbe5488a3aaf1cf5de2ad) Importer(815301076,1909f56bfc062723c751e8b465ee728b)
Start importing Assets/Scripts/Menues and UI Dialogs/AreYouSureDialog.cs using Guid(aa76929f2cebbe5488a3aaf1cf5de2ad) Importer(815301076,1909f56bfc062723c751e8b465ee728b)  -> (artifact id: '00000000000000000000000000000000') in 0.000648 seconds
  ERROR: Build asset version error: assets/scripts/menues and ui dialogs/areyousuredialog.cs in SourceAssetDB has modification time of '2021-08-01T20:56:57.9452303Z' while content on disk has modification time of '2021-08-01T20:58:59.7007455Z'
  Import took 0.004744 seconds .

========================================================================
Received Import Request.
  Time since last request: 0.029465 seconds.
  path: Assets/Scripts/Menues and UI Dialogs/AreYouSureDialog.cs
  artifactKey: Guid(aa76929f2cebbe5488a3aaf1cf5de2ad) Importer(815301076,1909f56bfc062723c751e8b465ee728b)
Start importing Assets/Scripts/Menues and UI Dialogs/AreYouSureDialog.cs using Guid(aa76929f2cebbe5488a3aaf1cf5de2ad) Importer(815301076,1909f56bfc062723c751e8b465ee728b)  -> (artifact id: '00000000000000000000000000000000') in 0.000396 seconds
  ERROR: Build asset version error: assets/scripts/menues and ui dialogs/areyousuredialog.cs in SourceAssetDB has modification time of '2021-08-01T20:56:57.9452303Z' while content on disk has modification time of '2021-08-01T20:58:59.7007455Z'
  Import took 0.006292 seconds .

========================================================================
Received Prepare
Registering precompiled user dll's ...
Registered in 0.001765 seconds.
Begin MonoManager ReloadAssembly
Native extension for WindowsStandalone target not found
Refreshing native plugins compatible for Editor in 0.32 ms, found 0 plugins.
Preloading 0 native plugins for Editor in 0.00 ms.
Invoked RoslynAnalysisRunner static constructor.
RoslynAnalysisRunner will not be running.
RoslynAnalysisRunner has terminated.
Mono: successfully reloaded assembly
- Completed reload, in  1.377 seconds
Platform modules already initialized, skipping
Refreshing native plugins compatible for Editor in 0.26 ms, found 0 plugins.
Preloading 0 native plugins for Editor in 0.00 ms.
Unloading 1234 Unused Serialized files (Serialized files now loaded: 0)
System memory in use before: 62.0 MB.
System memory in use after: 62.1 MB.

Unloading 5 unused Assets to reduce memory usage. Loaded Objects now: 1702.
Total: 3.159100 ms (FindLiveObjects: 0.309100 ms CreateObjectMapping: 0.087700 ms MarkObjects: 2.740100 ms  DeleteObjects: 0.020200 ms)

========================================================================
Received Import Request.
  Time since last request: 39.858899 seconds.
  path: Assets/Scripts/Dialog.cs
  artifactKey: Guid(b62f639f5c3aea14786ebcdfb5482512) Importer(815301076,1909f56bfc062723c751e8b465ee728b)
Start importing Assets/Scripts/Dialog.cs using Guid(b62f639f5c3aea14786ebcdfb5482512) Importer(815301076,1909f56bfc062723c751e8b465ee728b)  -> (artifact id: '351e2d77a6353bbc37254d08929d0998') in 0.029714 seconds
  Import took 0.034310 seconds .

========================================================================
Received Import Request.
  Time since last request: 0.012418 seconds.
  path: Assets/Scripts/Dialog.cs
  artifactKey: Guid(b62f639f5c3aea14786ebcdfb5482512) Importer(815301076,1909f56bfc062723c751e8b465ee728b)
Start importing Assets/Scripts/Dialog.cs using Guid(b62f639f5c3aea14786ebcdfb5482512) Importer(815301076,1909f56bfc062723c751e8b465ee728b)  -> (artifact id: '351e2d77a6353bbc37254d08929d0998') in 0.010108 seconds
  Import took 0.014938 seconds .

========================================================================
Received Import Request.
  Time since last request: 2.811188 seconds.
  path: Assets/Scripts/Dialogue.cs
  artifactKey: Guid(b62f639f5c3aea14786ebcdfb5482512) Importer(815301076,1909f56bfc062723c751e8b465ee728b)
Start importing Assets/Scripts/Dialogue.cs using Guid(b62f639f5c3aea14786ebcdfb5482512) Importer(815301076,1909f56bfc062723c751e8b465ee728b)  -> (artifact id: '95831972b8cbb203e8627c91e39e168c') in 0.027586 seconds
  Import took 0.031857 seconds .

========================================================================
Received Prepare
Registering precompiled user dll's ...
Registered in 0.002325 seconds.
Begin MonoManager ReloadAssembly
Native extension for WindowsStandalone target not found
Refreshing native plugins compatible for Editor in 0.37 ms, found 0 plugins.
Preloading 0 native plugins for Editor in 0.00 ms.
Invoked RoslynAnalysisRunner static constructor.
RoslynAnalysisRunner will not be running.
RoslynAnalysisRunner has terminated.
Mono: successfully reloaded assembly
- Completed reload, in  1.592 seconds
Platform modules already initialized, skipping
Refreshing native plugins compatible for Editor in 0.25 ms, found 0 plugins.
Preloading 0 native plugins for Editor in 0.00 ms.
Unloading 1234 Unused Serialized files (Serialized files now loaded: 0)
System memory in use before: 62.0 MB.
System memory in use after: 62.1 MB.

Unloading 5 unused Assets to reduce memory usage. Loaded Objects now: 1705.
Total: 2.116900 ms (FindLiveObjects: 0.152000 ms CreateObjectMapping: 0.052000 ms MarkObjects: 1.891700 ms  DeleteObjects: 0.019400 ms)

========================================================================
Received Import Request.
  Time since last request: 6.853595 seconds.
  path: Assets/Scripts/DialogOld.cs
  artifactKey: Guid(029642de4cef448468f93d466345f699) Importer(815301076,1909f56bfc062723c751e8b465ee728b)
Start importing Assets/Scripts/DialogOld.cs using Guid(029642de4cef448468f93d466345f699) Importer(815301076,1909f56bfc062723c751e8b465ee728b)  -> (artifact id: '0753b7b93d0610a76e0158fdcb01b693') in 0.027283 seconds
  Import took 0.029828 seconds .

========================================================================
Received Prepare
Registering precompiled user dll's ...
Registered in 0.001996 seconds.
Begin MonoManager ReloadAssembly
Native extension for WindowsStandalone target not found
Refreshing native plugins compatible for Editor in 0.32 ms, found 0 plugins.
Preloading 0 native plugins for Editor in 0.00 ms.
Invoked RoslynAnalysisRunner static constructor.
RoslynAnalysisRunner will not be running.
RoslynAnalysisRunner has terminated.
Mono: successfully reloaded assembly
- Completed reload, in  1.412 seconds
Platform modules already initialized, skipping
Refreshing native plugins compatible for Editor in 0.25 ms, found 0 plugins.
Preloading 0 native plugins for Editor in 0.00 ms.
Unloading 1233 Unused Serialized files (Serialized files now loaded: 0)
System memory in use before: 62.0 MB.
System memory in use after: 62.1 MB.

Unloading 5 unused Assets to reduce memory usage. Loaded Objects now: 1708.
Total: 2.841100 ms (FindLiveObjects: 0.235400 ms CreateObjectMapping: 0.053800 ms MarkObjects: 2.530000 ms  DeleteObjects: 0.020000 ms)

========================================================================
Received Import Request.
  Time since last request: 8.691824 seconds.
  path: Assets/Scripts/DialogPartVisual.cs
  artifactKey: Guid(78c6d6df4e34d4f47bc2daa43ec8bd9f) Importer(815301076,1909f56bfc062723c751e8b465ee728b)
Start importing Assets/Scripts/DialogPartVisual.cs using Guid(78c6d6df4e34d4f47bc2daa43ec8bd9f) Importer(815301076,1909f56bfc062723c751e8b465ee728b)  -> (artifact id: '4cb2811bfdd049c0cc497977807bf78b') in 0.023004 seconds
  Import took 0.025972 seconds .

========================================================================
Received Import Request.
  Time since last request: 0.700095 seconds.
  path: Assets/Scripts/DialogPartVisual.cs
  artifactKey: Guid(78c6d6df4e34d4f47bc2daa43ec8bd9f) Importer(815301076,1909f56bfc062723c751e8b465ee728b)
Start importing Assets/Scripts/DialogPartVisual.cs using Guid(78c6d6df4e34d4f47bc2daa43ec8bd9f) Importer(815301076,1909f56bfc062723c751e8b465ee728b)  -> (artifact id: '4cb2811bfdd049c0cc497977807bf78b') in 0.025895 seconds
  Import took 0.031153 seconds .

========================================================================
Received Import Request.
  Time since last request: 2.446244 seconds.
  path: Assets/Scripts/DialoguePartVisual.cs
  artifactKey: Guid(78c6d6df4e34d4f47bc2daa43ec8bd9f) Importer(815301076,1909f56bfc062723c751e8b465ee728b)
Start importing Assets/Scripts/DialoguePartVisual.cs using Guid(78c6d6df4e34d4f47bc2daa43ec8bd9f) Importer(815301076,1909f56bfc062723c751e8b465ee728b)  -> (artifact id: 'c5b7a3f44e6b4daa2ab753d4e65c0385') in 0.082871 seconds
  Import took 0.088326 seconds .

========================================================================
Received Prepare
Registering precompiled user dll's ...
Registered in 0.001920 seconds.
Begin MonoManager ReloadAssembly
Native extension for WindowsStandalone target not found
Refreshing native plugins compatible for Editor in 0.28 ms, found 0 plugins.
Preloading 0 native plugins for Editor in 0.00 ms.
Invoked RoslynAnalysisRunner static constructor.
RoslynAnalysisRunner will not be running.
RoslynAnalysisRunner has terminated.
Mono: successfully reloaded assembly
- Completed reload, in  1.353 seconds
Platform modules already initialized, skipping
Refreshing native plugins compatible for Editor in 0.26 ms, found 0 plugins.
Preloading 0 native plugins for Editor in 0.00 ms.
Unloading 1233 Unused Serialized files (Serialized files now loaded: 0)
System memory in use before: 62.0 MB.
System memory in use after: 62.1 MB.

Unloading 5 unused Assets to reduce memory usage. Loaded Objects now: 1711.
Total: 2.526000 ms (FindLiveObjects: 0.257200 ms CreateObjectMapping: 0.081100 ms MarkObjects: 2.162200 ms  DeleteObjects: 0.023500 ms)

========================================================================
Received Prepare
Registering precompiled user dll's ...
Registered in 0.001699 seconds.
Begin MonoManager ReloadAssembly
Native extension for WindowsStandalone target not found
Refreshing native plugins compatible for Editor in 0.25 ms, found 0 plugins.
Preloading 0 native plugins for Editor in 0.00 ms.
Invoked RoslynAnalysisRunner static constructor.
RoslynAnalysisRunner will not be running.
RoslynAnalysisRunner has terminated.
Mono: successfully reloaded assembly
- Completed reload, in  1.391 seconds
Platform modules already initialized, skipping
Refreshing native plugins compatible for Editor in 0.41 ms, found 0 plugins.
Preloading 0 native plugins for Editor in 0.00 ms.
Unloading 1233 Unused Serialized files (Serialized files now loaded: 0)
System memory in use before: 62.0 MB.
System memory in use after: 62.1 MB.

Unloading 5 unused Assets to reduce memory usage. Loaded Objects now: 1714.
Total: 2.816800 ms (FindLiveObjects: 0.219100 ms CreateObjectMapping: 0.075200 ms MarkObjects: 2.495800 ms  DeleteObjects: 0.025000 ms)

========================================================================
Received Prepare
Registering precompiled user dll's ...
Registered in 0.001858 seconds.
Begin MonoManager ReloadAssembly
Native extension for WindowsStandalone target not found
Refreshing native plugins compatible for Editor in 0.29 ms, found 0 plugins.
Preloading 0 native plugins for Editor in 0.00 ms.
Invoked RoslynAnalysisRunner static constructor.
RoslynAnalysisRunner will not be running.
RoslynAnalysisRunner has terminated.
Mono: successfully reloaded assembly
- Completed reload, in  1.417 seconds
Platform modules already initialized, skipping
Refreshing native plugins compatible for Editor in 0.30 ms, found 0 plugins.
Preloading 0 native plugins for Editor in 0.00 ms.
Unloading 1233 Unused Serialized files (Serialized files now loaded: 0)
System memory in use before: 62.0 MB.
System memory in use after: 62.1 MB.

Unloading 5 unused Assets to reduce memory usage. Loaded Objects now: 1717.
Total: 2.306100 ms (FindLiveObjects: 0.168500 ms CreateObjectMapping: 0.056900 ms MarkObjects: 2.059300 ms  DeleteObjects: 0.020100 ms)

========================================================================
Received Prepare
Registering precompiled user dll's ...
Registered in 0.002680 seconds.
Begin MonoManager ReloadAssembly
Native extension for WindowsStandalone target not found
Refreshing native plugins compatible for Editor in 0.34 ms, found 0 plugins.
Preloading 0 native plugins for Editor in 0.00 ms.
Invoked RoslynAnalysisRunner static constructor.
RoslynAnalysisRunner will not be running.
RoslynAnalysisRunner has terminated.
Mono: successfully reloaded assembly
- Completed reload, in  3.044 seconds
Platform modules already initialized, skipping
Refreshing native plugins compatible for Editor in 0.27 ms, found 0 plugins.
Preloading 0 native plugins for Editor in 0.00 ms.
Unloading 1233 Unused Serialized files (Serialized files now loaded: 0)
System memory in use before: 62.1 MB.
System memory in use after: 62.2 MB.

Unloading 5 unused Assets to reduce memory usage. Loaded Objects now: 1720.
Total: 5.924900 ms (FindLiveObjects: 0.372600 ms CreateObjectMapping: 0.112300 ms MarkObjects: 5.364700 ms  DeleteObjects: 0.072700 ms)

========================================================================
Received Import Request.
  Time since last request: 409.493295 seconds.
  path: Assets/Prefabs/DialogPartVisual.prefab
  artifactKey: Guid(e49f2f2291618ae4bb49073279fc5350) Importer(815301076,1909f56bfc062723c751e8b465ee728b)
Start importing Assets/Prefabs/DialogPartVisual.prefab using Guid(e49f2f2291618ae4bb49073279fc5350) Importer(815301076,1909f56bfc062723c751e8b465ee728b)  -> (artifact id: '23b49daa7811fb4d8eab07efd40e6c0e') in 0.537061 seconds
  Import took 0.590099 seconds .

========================================================================
Received Import Request.
  Time since last request: 2.937608 seconds.
  path: Assets/Prefabs/DialoguePartVisual.prefab
  artifactKey: Guid(e49f2f2291618ae4bb49073279fc5350) Importer(815301076,1909f56bfc062723c751e8b465ee728b)
Start importing Assets/Prefabs/DialoguePartVisual.prefab using Guid(e49f2f2291618ae4bb49073279fc5350) Importer(815301076,1909f56bfc062723c751e8b465ee728b)  -> (artifact id: '529260390a988d1fa8ce809586d0c867') in 0.093844 seconds
  Import took 0.097283 seconds .

========================================================================
Received Prepare
Registering precompiled user dll's ...
Registered in 0.002968 seconds.
Begin MonoManager ReloadAssembly
Native extension for WindowsStandalone target not found
Refreshing native plugins compatible for Editor in 0.26 ms, found 0 plugins.
Preloading 0 native plugins for Editor in 0.00 ms.
Invoked RoslynAnalysisRunner static constructor.
RoslynAnalysisRunner will not be running.
RoslynAnalysisRunner has terminated.
Mono: successfully reloaded assembly
- Completed reload, in  1.183 seconds
Platform modules already initialized, skipping
Refreshing native plugins compatible for Editor in 0.26 ms, found 0 plugins.
Preloading 0 native plugins for Editor in 0.00 ms.
Unloading 1233 Unused Serialized files (Serialized files now loaded: 0)
System memory in use before: 65.2 MB.
System memory in use after: 65.3 MB.

Unloading 5 unused Assets to reduce memory usage. Loaded Objects now: 1730.
Total: 1.854500 ms (FindLiveObjects: 0.156600 ms CreateObjectMapping: 0.050600 ms MarkObjects: 1.626100 ms  DeleteObjects: 0.019800 ms)

========================================================================
Received Prepare
Registering precompiled user dll's ...
Registered in 0.002477 seconds.
Begin MonoManager ReloadAssembly
Native extension for WindowsStandalone target not found
Refreshing native plugins compatible for Editor in 0.73 ms, found 0 plugins.
Preloading 0 native plugins for Editor in 0.00 ms.
Invoked RoslynAnalysisRunner static constructor.
RoslynAnalysisRunner will not be running.
RoslynAnalysisRunner has terminated.
Mono: successfully reloaded assembly
- Completed reload, in  1.188 seconds
Platform modules already initialized, skipping
Refreshing native plugins compatible for Editor in 0.26 ms, found 0 plugins.
Preloading 0 native plugins for Editor in 0.00 ms.
Unloading 1233 Unused Serialized files (Serialized files now loaded: 0)
System memory in use before: 65.2 MB.
System memory in use after: 65.3 MB.

Unloading 5 unused Assets to reduce memory usage. Loaded Objects now: 1733.
Total: 2.422200 ms (FindLiveObjects: 0.211500 ms CreateObjectMapping: 0.050300 ms MarkObjects: 2.139700 ms  DeleteObjects: 0.019600 ms)

========================================================================
Received Prepare
Registering precompiled user dll's ...
Registered in 0.002529 seconds.
Begin MonoManager ReloadAssembly
Native extension for WindowsStandalone target not found
Refreshing native plugins compatible for Editor in 0.31 ms, found 0 plugins.
Preloading 0 native plugins for Editor in 0.00 ms.
Invoked RoslynAnalysisRunner static constructor.
RoslynAnalysisRunner will not be running.
RoslynAnalysisRunner has terminated.
Mono: successfully reloaded assembly
- Completed reload, in  1.169 seconds
Platform modules already initialized, skipping
Refreshing native plugins compatible for Editor in 0.26 ms, found 0 plugins.
Preloading 0 native plugins for Editor in 0.00 ms.
Unloading 1233 Unused Serialized files (Serialized files now loaded: 0)
System memory in use before: 65.2 MB.
System memory in use after: 65.3 MB.

Unloading 5 unused Assets to reduce memory usage. Loaded Objects now: 1736.
Total: 2.267600 ms (FindLiveObjects: 0.190700 ms CreateObjectMapping: 0.071100 ms MarkObjects: 1.985200 ms  DeleteObjects: 0.019500 ms)

========================================================================
Received Prepare
Registering precompiled user dll's ...
Registered in 0.006535 seconds.
Begin MonoManager ReloadAssembly
Native extension for WindowsStandalone target not found
Refreshing native plugins compatible for Editor in 0.49 ms, found 0 plugins.
Preloading 0 native plugins for Editor in 0.00 ms.
Invoked RoslynAnalysisRunner static constructor.
RoslynAnalysisRunner will not be running.
RoslynAnalysisRunner has terminated.
Mono: successfully reloaded assembly
- Completed reload, in  3.111 seconds
Platform modules already initialized, skipping
Refreshing native plugins compatible for Editor in 0.35 ms, found 0 plugins.
Preloading 0 native plugins for Editor in 0.00 ms.
Unloading 1233 Unused Serialized files (Serialized files now loaded: 0)
System memory in use before: 65.2 MB.
System memory in use after: 65.3 MB.

Unloading 5 unused Assets to reduce memory usage. Loaded Objects now: 1739.
Total: 2.013800 ms (FindLiveObjects: 0.148700 ms CreateObjectMapping: 0.053000 ms MarkObjects: 1.790800 ms  DeleteObjects: 0.019900 ms)

========================================================================
Received Import Request.
  Time since last request: 293.047794 seconds.
  path: Assets/Prefabs/Arrow.prefab
  artifactKey: Guid(f5c3521f5d27c6145aee91e6323ebfd1) Importer(815301076,1909f56bfc062723c751e8b465ee728b)
Start importing Assets/Prefabs/Arrow.prefab using Guid(f5c3521f5d27c6145aee91e6323ebfd1) Importer(815301076,1909f56bfc062723c751e8b465ee728b)  -> (artifact id: 'dc4996fa88549ac70168e9238af45c3c') in 0.236144 seconds
  Import took 0.240439 seconds .

========================================================================
Received Import Request.
  Time since last request: 0.019280 seconds.
  path: Assets/Prefabs/Arrow.prefab
  artifactKey: Guid(f5c3521f5d27c6145aee91e6323ebfd1) Importer(815301076,1909f56bfc062723c751e8b465ee728b)
Start importing Assets/Prefabs/Arrow.prefab using Guid(f5c3521f5d27c6145aee91e6323ebfd1) Importer(815301076,1909f56bfc062723c751e8b465ee728b)  -> (artifact id: 'dc4996fa88549ac70168e9238af45c3c') in 0.025971 seconds
  Import took 0.029996 seconds .

========================================================================
Received Import Request.
  Time since last request: 0.307090 seconds.
  path: Assets/Prefabs/AnswerVisual.prefab
  artifactKey: Guid(709dd5dfc1d85464c8d401a39878ad80) Importer(815301076,1909f56bfc062723c751e8b465ee728b)
Start importing Assets/Prefabs/AnswerVisual.prefab using Guid(709dd5dfc1d85464c8d401a39878ad80) Importer(815301076,1909f56bfc062723c751e8b465ee728b)  -> (artifact id: '1431d9221a0c5e8baa8741a3c623b7d4') in 0.154548 seconds
  Import took 0.158201 seconds .

========================================================================
Received Prepare
Registering precompiled user dll's ...
Registered in 0.002528 seconds.
Begin MonoManager ReloadAssembly
Native extension for WindowsStandalone target not found
Refreshing native plugins compatible for Editor in 0.29 ms, found 0 plugins.
Preloading 0 native plugins for Editor in 0.00 ms.
Invoked RoslynAnalysisRunner static constructor.
RoslynAnalysisRunner will not be running.
RoslynAnalysisRunner has terminated.
Mono: successfully reloaded assembly
- Completed reload, in  1.309 seconds
Platform modules already initialized, skipping
Refreshing native plugins compatible for Editor in 0.28 ms, found 0 plugins.
Preloading 0 native plugins for Editor in 0.00 ms.
Unloading 1233 Unused Serialized files (Serialized files now loaded: 0)
System memory in use before: 65.2 MB.
System memory in use after: 65.3 MB.

Unloading 6 unused Assets to reduce memory usage. Loaded Objects now: 1743.
Total: 2.997500 ms (FindLiveObjects: 0.199800 ms CreateObjectMapping: 0.414000 ms MarkObjects: 2.351900 ms  DeleteObjects: 0.030400 ms)

========================================================================
Received Import Request.
  Time since last request: 43.410208 seconds.
  path: Assets/Scripts/ErrorMessage.cs
  artifactKey: Guid(c18441bee10e63d40ab8ae767bb5c13e) Importer(815301076,1909f56bfc062723c751e8b465ee728b)
Start importing Assets/Scripts/ErrorMessage.cs using Guid(c18441bee10e63d40ab8ae767bb5c13e) Importer(815301076,1909f56bfc062723c751e8b465ee728b)  -> (artifact id: 'cd404ddec922aa49059ea79080e03097') in 0.116085 seconds
  Import took 0.161209 seconds .

========================================================================
Received Import Request.
  Time since last request: 5.165724 seconds.
  path: Assets/Scripts/Menues and UI Dialogs/SettingsMenu.cs
  artifactKey: Guid(d3eb46c6ef092284c9a19b460c374b25) Importer(815301076,1909f56bfc062723c751e8b465ee728b)
Start importing Assets/Scripts/Menues and UI Dialogs/SettingsMenu.cs using Guid(d3eb46c6ef092284c9a19b460c374b25) Importer(815301076,1909f56bfc062723c751e8b465ee728b)  -> (artifact id: '06bd1e1178c05adb4afe84049be28222') in 0.139229 seconds
  Import took 0.144036 seconds .

========================================================================
Received Prepare
Registering precompiled user dll's ...
Registered in 0.002330 seconds.
Begin MonoManager ReloadAssembly
Native extension for WindowsStandalone target not found
Refreshing native plugins compatible for Editor in 0.26 ms, found 0 plugins.
Preloading 0 native plugins for Editor in 0.00 ms.
Invoked RoslynAnalysisRunner static constructor.
RoslynAnalysisRunner will not be running.
RoslynAnalysisRunner has terminated.
Mono: successfully reloaded assembly
- Completed reload, in  1.250 seconds
Platform modules already initialized, skipping
Refreshing native plugins compatible for Editor in 0.37 ms, found 0 plugins.
Preloading 0 native plugins for Editor in 0.00 ms.
Unloading 1233 Unused Serialized files (Serialized files now loaded: 0)
System memory in use before: 65.2 MB.
System memory in use after: 65.3 MB.

Unloading 5 unused Assets to reduce memory usage. Loaded Objects now: 1746.
Total: 4.162500 ms (FindLiveObjects: 0.238000 ms CreateObjectMapping: 0.070800 ms MarkObjects: 3.782500 ms  DeleteObjects: 0.068600 ms)

========================================================================
Received Prepare
Registering precompiled user dll's ...
Registered in 0.002488 seconds.
Begin MonoManager ReloadAssembly
Native extension for WindowsStandalone target not found
Refreshing native plugins compatible for Editor in 0.46 ms, found 0 plugins.
Preloading 0 native plugins for Editor in 0.00 ms.
Invoked RoslynAnalysisRunner static constructor.
RoslynAnalysisRunner will not be running.
RoslynAnalysisRunner has terminated.
Mono: successfully reloaded assembly
- Completed reload, in  2.332 seconds
Platform modules already initialized, skipping
Refreshing native plugins compatible for Editor in 0.39 ms, found 0 plugins.
Preloading 0 native plugins for Editor in 0.00 ms.
Unloading 1233 Unused Serialized files (Serialized files now loaded: 0)
System memory in use before: 65.2 MB.
System memory in use after: 65.3 MB.

Unloading 5 unused Assets to reduce memory usage. Loaded Objects now: 1749.
Total: 5.139900 ms (FindLiveObjects: 0.215100 ms CreateObjectMapping: 0.068700 ms MarkObjects: 4.789700 ms  DeleteObjects: 0.063900 ms)

AssetImportWorkerClient::OnTransportError - code=2 error=End of file
